,username,password,role
0,XF6N0R4,2USY2E2,admin
1,W3PHXNA,IT99C7X,nurse
2,KX9UDNG,58FTQ78,clinician
3,93HQIJF,VDMM3MM,nurse
4,B5A3FPH,J9QWG5F,nurse
5,USOOUA9,Q60TAA9,management
6,DXMMOQP,X994S8U,admin
7,QH61Q1R,VKEH12X,clinician
8,32HEOJI,L3HGFZL,management
9,WMNLIS7,65C3UJ7,admin
10,AF6QK7V,OG8FIM8,clinician
11,TC3BGKY,1VXNLYZ,nurse
12,IAZ0IDD,7X2PVO7,admin
13,66NOJN0,P6ISGEM,clinician
14,KDGBXGH,VPH45K7,nurse
15,FPXW3PW,0YGZWXS,admin
16,78J8RZD,GTQKEBQ,management
17,S90C1UR,TQS8YTR,clinician
18,5BQO2FD,AB9K5KH,nurse
19,8NKMJBR,UH3CN9W,clinician
20,5E3TXNH,FIEWOF2,admin
21,T5U2KO0,VV36H94,clinician
22,67JAV8E,N8OX8I7,nurse
23,NULY5JV,2S1PD4A,management
24,RHAWL2H,BT0T386,clinician
25,70WVKCP,5SLOXA1,management
26,U6WKXL7,UF40S6F,nurse
27,2UASLW6,C0D3ZX4,clinician
28,QYRD2DQ,9SCHSW4,nurse
29,S6JBN9F,QXI1YCK,clinician
30,CZFO56M,9OFWJAC,clinician
31,O4R1SHK,Y712LYN,management
32,2501ETG,4L5UG98,nurse
33,1RVTKCH,N6H1Y3F,nurse
34,0TESUC7,HTD5KKI,clinician
35,Y9I8XIB,MJEQFGL,management
36,PSK235V,2BMU5ZS,nurse
37,DWJ4NTB,P64TAII,admin
38,NFLQQTR,KCC8UJZ,admin
39,6OE98Q1,YRDAELL,admin
40,6B72QEM,PF0K004,management
41,9XG0NUI,H44ELNJ,management
42,F6G26GD,BRQMDP9,clinician
43,X7BRNJS,J97Z2O2,management
44,4N51KS5,Y9AMZWI,clinician
45,HMFXKQ9,Z10NS13,management
46,IZKVJGF,SCOMX2V,admin
47,K589P0I,7093NGP,nurse
48,EQJ5E73,B77RHVV,clinician
49,G8X4JSP,N9T9V2S,clinician
50,2OT78F6,JQUNGXO,management
51,95V45Y9,R4CLYYU,clinician
52,3MRW250,1Q7FIV2,nurse
53,Q36Z4NJ,VZGOEJ9,nurse
54,6JQ0R4N,G2T2HI1,clinician
55,Z3U5BBO,Y8D6YGN,clinician
56,DSARM60,SI9MRHW,clinician
57,5A2TED9,YKZMV2Y,management
58,3BIJCAX,7NT49CN,admin
59,WTBOFZY,81SN3OB,nurse
60,XUVHAYX,48E8GGG,clinician
61,AKI0BJP,6W7ETHN,management
62,IRXOHYS,LGC2I97,clinician
63,YIQWTCS,5BIN9P3,admin
64,FS603DM,1QW1CS8,admin
65,KCOI7PF,25OYU70,nurse
66,IZBB40Q,Q0ODX3B,management
67,FA86NDG,9EKGS1L,management
68,0HZPWK7,2E7CCE6,clinician
69,R32OB5I,FD0N9M6,management
70,EJ7XSXY,52QOQQR,nurse
71,4P0WW5C,X8ES8JB,nurse
72,BKEOL9D,68LPW2D,admin
73,RZC0764,7PXYFE3,admin
74,4M9I9VH,L0M8ADQ,management
75,2TEW1PV,75NQPCZ,clinician
76,X6JGHYP,SB9U9PX,management
77,SQOWW57,IL4CFWS,clinician
78,2OJOW2K,7B6BXW7,nurse
79,X0ETRWO,9G7UCC4,admin
80,U8JZSEU,XBE0HRU,nurse
81,WZHCYZZ,IDWVSUM,admin
82,18VNE4G,9DC7K69,nurse
83,LBA1O57,5RHROZM,nurse
84,8KMAXGY,6XS4LAT,clinician
85,8T404HQ,5JMPB90,admin
86,4ZI1N3G,E6PGNDA,admin
87,0O223OR,Q2NVI73,nurse
88,2P9ZXJ1,4GZBLC0,clinician
89,Q0XAFNG,CMX1LJ9,clinician
90,T0O3D3H,EOAVZ7F,admin
91,92AWYKL,BMO5QHH,clinician
92,41MAW0P,KAN38I9,admin
93,VLVH8RL,9YY0JLI,nurse
94,W9QPNOL,6A6MN6B,management
95,BAKER6Q,B63GXXU,admin
96,V8ZLIQM,CRDF9FO,management
97,H3S99RK,BPJMT83,nurse
98,DBW9O8F,ZCYXT87,nurse
99,LJLC0VI,Z001OAC,management
100,Z7B0L7N,HSJZ2YN,admin
101,KY63K3C,FRIFHUJ,clinician
102,ZG1VHY9,FIIGD75,management
103,PNHBU9J,JAZPVQK,admin
104,FJT6VAH,DMQZ7M4,management
105,KOUTHJG,U0J6OHZ,nurse
106,ADAGVDJ,OKKKOED,clinician
107,847582R,W690CSO,admin
108,QYS02WE,S6MBFFJ,clinician
109,6MW3T1T,IXLSTZZ,admin
110,IBRQSNR,56SUTAL,nurse
111,T40U9W6,EVY9WD3,clinician
112,2SDR7BL,71Q6ZPM,clinician
113,M7CQEYS,PRBA52W,clinician
114,WTIGBAG,GDUXZ7K,admin
115,GZIR938,HT8RD1I,admin
116,OKW95PG,7W109MX,nurse
117,6QCN1NB,UCZIBIV,admin
118,T148EK6,X2V2JOD,nurse
119,GA36J5C,B9F4UIE,clinician
120,9488WZ5,0ZZOIBW,clinician
121,7HSSXQS,0UJAE3X,management
122,B1CPF2A,7F0LMY9,admin
123,NB0UVE4,MNNIVOK,clinician
124,0IOA9P8,AZBGS71,admin
125,FQJTVZ3,FYKQZT6,clinician
126,XYABHDA,RR9GG08,nurse
127,52XJBGU,CVSVO22,clinician
128,CN3Z0HN,H7HD3KB,admin
129,A82TM81,HOFI04W,admin
130,LI3KJ76,0AU5P8H,admin
131,W3563IE,AX7IF0R,admin
132,9H9WSAY,LU922YE,clinician
133,21M0ZON,GM268FK,clinician
134,3O7C86G,TORNJR9,management
135,O2VK124,NGLAXBR,nurse
136,8GYZRNT,N517OT6,management
137,VLZ9CVU,A13YZ51,admin
138,06RHUZ4,A6L9ETC,management
139,3KBDGQ1,N0EH6AF,clinician
140,Q940JQ0,ZJQCUB9,nurse
141,34BKOIN,4HU5M8D,admin
142,OFU55RW,I244S2U,nurse
143,QBIJBCY,ZGG4JKF,admin
144,RJN964H,B8OEPW6,clinician
145,OPAZ8JP,GVNPOYQ,management
146,TVGVRRA,EUI0OZ0,clinician
147,UBJFMB7,NFIG21T,admin
148,EPYT3RB,RCPS4M1,clinician
149,WGT968K,99OQ7XB,nurse
150,4GARTSC,2R8SH10,management
151,B9KR02X,73IALQE,nurse
152,3BGWTH8,5OOSF9U,clinician
153,895WEK8,XBEZU8X,nurse
154,1YADDAC,2AE8ISW,clinician
155,5JQICJO,7DOMKBR,nurse
156,7EE5O6Y,R4A3BR0,management
157,NWWOM8V,VOT5S0J,management
158,U23L6ES,RA32STW,clinician
159,BEIS380,WKMEAR9,management
160,GXG5LS2,VTPK8LU,clinician
161,VL0V7DQ,P72FV5A,admin
162,1IDKW5L,VFPPCRJ,management
163,STE7R93,6QAPAS9,clinician
164,UQOOHBL,B1AEH5R,admin
165,OPV5LSD,RE49J4P,clinician
166,R2Y0NM3,4S4Q69N,admin
167,79JMVJM,RPAV3MI,admin
168,9I3T41O,0847MBJ,nurse
169,RCDSSKT,GHH285O,admin
170,2X2V85P,FTU8WHY,management
171,VNK4ZLK,E4BBB2E,management
172,MFWGA5E,GXO8BDR,admin
173,WVXSR7D,SCR69TI,clinician
174,D2VK4JG,25JTPOF,admin
175,4OMC87L,BWBQ30W,nurse
176,9E8IJKH,67B4PWV,nurse
177,NNQ4RFD,BZJQF48,admin
178,09W51H4,0NPZPF2,admin
179,0ESVRME,U22XJ69,admin
180,UX20F87,NGCAXZO,nurse
181,3OKKVVY,Z22H3LA,admin
182,0LLXHRY,X6CGW3H,admin
183,0EOI0PD,CBIIEI5,admin
184,FS6K78P,9TLBSY5,admin
185,J06E03F,CQZ1WFI,admin
186,K3VOQZQ,F9GBUXK,clinician
187,F8PYF3O,X768TIA,management
188,KCKICG4,KU0V8GR,nurse
189,YEEPZ0U,D4C0V5P,admin
190,NLCF83D,HB4B85J,management
191,GO0H5KE,4QX1G8X,nurse
192,W2WEW5J,R6TLLB2,admin
193,1S1VMJC,DZ3LLHK,clinician
194,LHQ4EE4,I0102Y4,nurse
195,5H2H1JL,TW2QU6W,management
196,X4KA6MO,CRUSERQ,admin
197,NYX3N2O,NDTBLQX,clinician
198,08AZQ0K,DTWLILT,admin
199,CK36GTH,JZP6PS5,nurse
200,CDY79N1,CYO104Q,management
201,QXELKWU,YGAUWMZ,clinician
202,KF0K2L2,EXBGM64,nurse
203,6W690UR,NHP8P3B,clinician
204,C1IT2YA,KN5ARKG,clinician
205,IRCNZ2C,B0OWVJX,management
206,CCTZKW2,UMYH29E,admin
207,5FS78Q6,DWBIG2Y,management
208,4QQHGQD,7TQD5Z1,management
209,Z9HYAPO,ZHCDVIM,clinician
210,2SV7Q5C,JK1IGYP,nurse
211,PHA7ZJQ,4NMEYU3,management
212,EWF9R7O,M9EW3AD,admin
213,HQWQUGY,DUKCGWA,admin
214,E2JE8WX,NNGYN90,nurse
215,LAISL56,8MNNLZP,management
216,AXUSKKZ,FYQ78QJ,admin
217,JJP6W6O,8CAEI5I,clinician
218,0EIUVVN,09HVUA3,admin
219,8P43XVF,PBQWV2G,nurse
220,A62CTLS,QJULUQM,admin
221,TZM67O6,CVJPAAN,admin
222,M4W64SO,RQZFEYS,nurse
223,YPLR9NC,V73PIRP,admin
224,ZP9M9YH,EX8K1WQ,clinician
225,I13CJFO,CUF4MFS,management
226,IFM7I30,CK971NJ,nurse
227,KRJPRJ7,90GPEXB,management
228,ZMEUSKA,8AZ36PL,nurse
229,GG0LU9W,PGO0D1N,nurse
230,AU1KECE,4YZ8S61,management
231,7DZZ8IY,7V0ZTOL,clinician
232,P2TINET,2KFZAN4,nurse
233,FM7WBBX,7O4CBKK,clinician
234,6OJNOX4,Z3XRBGL,nurse
235,J2Z06WA,TUYQ4A4,admin
236,CNFU5J0,QGT1EBT,admin
237,4CAV2K0,7O8RA4V,clinician
238,E18E6KF,8NFGI0L,management
239,20C8MC3,JUGYX3B,admin
240,AFGYYKG,U058CDH,admin
241,CE0EP9V,KXC2KLP,admin
242,A75XZAQ,JFJZ97D,clinician
243,EA7117X,T8HTWNM,nurse
244,OEN0IA3,VMGL78C,admin
245,REC5ZTA,9JU6T9H,management
246,N8ZSP8P,C4GQA5U,clinician
247,C70K0VD,QWHDPTT,admin
248,5G4HVZH,A37E79C,nurse
249,6QYAWR1,SB6G6PO,admin
250,6S12R7I,IFX25M8,clinician
251,5I8J5YZ,9KXQ40N,nurse
252,Q8VSVFY,9F734OM,nurse
253,4QDETST,TK6VSOT,admin
254,0SSN6KB,WXPPGIN,admin
255,52UL7HE,DZHYTPT,clinician
256,WQVGEV6,GW3T84L,management
257,W9B1XH2,5BVFRZO,clinician
258,YSKMUIK,4HE821S,management
259,9SSF8MU,N9ESD0T,management
260,LPN2IAT,IJP82J8,nurse
261,90L9WQ2,59XPNF4,clinician
262,WW1N2SY,V2YXS61,admin
263,OMOJY6L,QPKK04W,nurse
264,D4VP87K,XTSF1DY,management
265,KL3UBVF,5SVOFVG,nurse
266,PAZOXIX,CD1CVJ3,admin
267,758DMDN,M2M5OF8,nurse
268,XM4KT9S,ELQ7VKK,admin
269,MXEBCN5,T3X75GZ,nurse
270,89OHKUG,OMZO7JO,clinician
271,RGATAPD,EUFXH5O,clinician
272,S7NAW5K,M27MNOU,nurse
273,CS3HUNW,WH0ADZV,admin
274,A5CM5BG,YBTML32,clinician
275,RPGBSL7,F8AWFRM,nurse
276,F3OPRX4,FT0DB7Y,management
277,IW713ZJ,GS6OO8Q,management
278,EYE6CT5,FX9XVIV,admin
279,1LB8U5Q,7LOXW0O,admin
280,OTSG2DE,FSS67ZB,management
281,MSJ7H02,M6JJ5HD,nurse
282,R6CYY23,E3X7V5Z,admin
283,US82YQO,3K9RK4S,clinician
284,YQQ349G,99Z8OMP,nurse
285,MOQIFZX,GMJPMPK,clinician
286,PWQ02YN,YQCMVSW,management
287,0MZB8KN,XIGR7J6,nurse
288,K53EHTH,GR0BGYX,management
289,FKXW6X2,DJG3UH8,clinician
290,0RLTEV7,8C1WANF,management
291,6AA5QO7,0VB2T6K,nurse
292,848A90C,RU2AQHQ,clinician
293,DWMRYTU,QGZVYDP,nurse
294,IA5T90E,53D1HCP,management
295,HP7Y8D2,6A479HC,clinician
296,KMTIWYN,QJTI7EX,clinician
297,FPSR6CX,IF2MCFM,admin
298,KW8QQZ9,LKJY7O8,management
299,2W5DQ1T,2O3QAD1,clinician
300,RA6K3CA,A7ZH1E5,clinician
301,S3NGKHV,GUBSL3Z,admin
302,ND37BGS,B3CM8YG,clinician
303,G9PUVJT,0SIQYGH,management
304,WAN8F5E,UQNMSX9,admin
305,FS9Q6V1,AVEN0J2,management
306,DE4O1CH,VNDP0UL,admin
307,G3YF2WF,GWSJE5J,nurse
308,SLV6LJJ,QQOW8UD,management
309,AKP2X51,ZOPWWIM,management
310,JM21EMO,H8C5BM8,admin
311,WJV5IVM,MFR8XK8,nurse
312,3KWDOQQ,UL538J8,clinician
313,OS6VM95,RFKC80C,clinician
314,AFCAYLL,3IRCSCJ,nurse
315,KJ9RAZO,GB5ETHX,nurse
316,YJK9T0W,GBN7FIB,admin
317,L74VAYE,28BSY3K,nurse
318,1J922YN,EMKEAIK,clinician
319,X56ETEW,VKFD1D1,clinician
320,PW38B02,9V63TK9,management
321,NONBEDI,WXFMUYB,nurse
322,R7SGWGU,E16UNIH,clinician
323,EVQ04OF,KS7YKC8,management
324,73HK7B1,M1S0W7T,management
325,8H9CBUJ,L62TLYU,nurse
326,6URCPFV,3YHKJT4,clinician
327,Y9D586U,TXFJVGS,nurse
328,4MEDJF2,EOOYW91,management
329,IY9PQ1I,LI7Q1AB,management
330,WQP1CIL,WZS6UNU,nurse
331,5LRTW0U,XIH0WOL,nurse
332,YQNGN06,G3ERCQE,nurse
333,EI4RU3W,ZOBGSDI,nurse
334,88HCKUO,7MNTNXT,management
335,CFR4YDF,5JK5BYC,clinician
336,3CKBA5V,F7M2ALQ,clinician
337,1L6SJBG,UIWPKZN,nurse
338,452D2T6,LURUH4T,admin
339,UA7XTCN,YWUSQXX,admin
340,MAJOOAS,YW8JDWC,management
341,HEWASGC,D1SKWBS,management
342,7V6NPGI,AOK27V5,clinician
343,N4PVONI,IVO7Z8R,admin
344,QWZY4GU,8MRXMPI,nurse
345,KYAJ4Z6,E9QIUGX,admin
346,RGOHWKH,A29UM31,clinician
347,RL35PEG,ENW1LN2,clinician
348,0ULTW4L,7KQCMIT,nurse
349,X53F85X,OGZ06FC,admin
350,EGJYKBY,95F8AX7,nurse
351,SEHM79D,ZWHNNXY,clinician
352,MBBTMI7,T701I5C,clinician
353,X6I9W24,C2S7PGO,nurse
354,CEAFDF4,RZT3YJ2,admin
355,QMK5KCY,GD1M0PL,management
356,Y6RMFQ2,RSVIAQC,management
357,AUPSKEC,CKYAMZ6,clinician
358,F5PQDDU,HCKMIR0,management
359,VPPAIUR,E966UO7,nurse
360,94WEXY6,RH4A2AX,nurse
361,JD9BOJ4,H1GFJ2V,management
362,0WT1CMW,9VU7JY7,admin
363,GUD0X0Z,6UBQ5I8,management
364,ESB4YKN,KXDB7Y7,management
365,BBMZF6J,TG15X7N,clinician
366,QU9HIC2,G8AUGIF,management
367,83L0ET7,CLQNRM1,admin
368,J9371SY,J8EG9K6,nurse
369,1JTJKFE,T394C30,admin
370,ADE2WKM,0FRWBV3,clinician
371,1ZAST07,56PD7IY,management
372,UII9JHG,DE05YBT,management
373,VL0Q8AS,0PWUSVW,admin
374,1TQZ123,M442CCB,admin
375,QIJ2ZTQ,B814PZM,management
376,INTTU96,CS8H0X5,clinician
377,LUDXGRL,PXSFHXA,nurse
378,ZK07NQH,EQDE17Z,admin
379,Y6W5TQO,3TES0XT,nurse
380,83IP487,PAH29XX,clinician
381,XYMY8VJ,3X16477,admin
382,LMDUXFN,IAKGGGX,nurse
383,DWBD4XW,9DNJ5TW,nurse
384,WT0TVPW,UPY1QR2,admin
385,YKPTI2F,1I2MR2L,clinician
386,AFSX251,RZQER8L,nurse
387,CDOFM6G,ML620OR,clinician
388,KSHTYDZ,S3BZ0D4,nurse
389,1BSZMK4,88N9UEC,admin
390,V0SLJ5R,P6O2LO3,nurse
391,Z5L930B,WS4YTAB,nurse
392,JSUOLJ1,MTU6CJJ,admin
393,YE2EW70,EUTP9Y2,admin
394,0VLCISN,Z3AJ44O,admin
395,6VOIXYV,QRG8QZY,admin
396,IF9GRWM,RX6KB8W,nurse
397,82B55XQ,OS0HDSF,management
398,GDB5W8C,DF1PA11,nurse
399,X2WFWU9,LYOGV64,management
400,N1RVZRY,3K0HMJE,management
401,Z095YTQ,5GXD87F,clinician
402,XJKZ7AA,9VDTXMF,management
403,7VPX6B3,SKF3OOA,management
404,SMECLOG,MP20OXA,admin
405,E6976YQ,BDM9X5Q,clinician
406,ZFDMYVI,WIESGP4,management
407,0RJOXDO,T69LA7M,clinician
408,HFNAK50,6HYGXFX,management
409,25QBZID,XIHG7J2,nurse
410,LZ74DH3,GPVMHLT,admin
411,CMS8KV8,UCN3VR7,management
412,CLKOI8L,280D5A1,clinician
413,UD6IUCO,TE7VTLO,admin
414,6ST8M6Q,U7LEYEF,nurse
415,IQFWUV4,ZCN11D2,admin
416,7DSTXE3,K8TR0I4,management
417,BX0JE16,RYA5D0Y,clinician
418,03N2IBG,V2Y0NQD,admin
419,MASZKKT,RES442C,management
420,NF2NT3R,WL1CMQ4,management
421,6UII1I5,52V1RJE,nurse
422,5AP6L80,42TDWUY,nurse
423,WEEQ8UY,USXO6Y1,management
424,LGDEUFS,T9OIJAS,admin
425,25ZTQAJ,W5K03G2,clinician
426,9NU67CR,K5CT21G,clinician
427,P10HIV3,DC7AJ5S,admin
428,85Y5FAX,0QRUILL,management
429,23S6RP3,9TLNY6Q,nurse
430,7BSQHMK,B1CHOV7,management
431,86FB4CB,MVMST0G,nurse
432,6SXU2WO,6EVPSBY,admin
433,GTN15NR,KC1NKGB,management
434,JAMA64N,5WOBBNU,management
435,PMEYU6B,4FM1YAZ,nurse
436,K7YUF3E,G289OJ9,management
437,2G2WD3W,07E05EO,management
438,RMAOOKN,DFY5D7O,nurse
439,ZJ79SHB,J4G3RL1,clinician
440,GW5GG47,DK3HQM2,admin
441,DTLB0IS,099NI8W,admin
442,SETPAZB,ZH4SULX,management
443,2CQJ5HA,EXXWPKF,clinician
444,3PA13KX,M6T60QU,clinician
445,G6N6GNE,LT8HEWG,nurse
446,O53R2JZ,AJ0VL0V,clinician
447,S7NHBAM,6GMQIUW,nurse
448,T5ZES38,EIFTO3N,clinician
449,7BYRFUW,GV3A2LA,admin
450,XNVVS3M,JE2JX01,nurse
451,Z9CPSLY,YVKQYG7,nurse
452,9FTSLZ5,6AN25MU,management
453,QDZJ2UP,QDYTEMJ,nurse
454,SRWAL54,PIF5A97,clinician
455,7YREH8N,2YM1HPF,nurse
456,CUBPGHF,7CTKTRQ,management
457,LIXZ3S1,VSSU07N,clinician
458,O96AZU1,GTIQIKS,admin
459,IX55URI,O2BYU7N,clinician
460,2KA6HFW,DHA005K,nurse
461,DI90JLM,OJ9HKZ3,nurse
462,JHQ8C4K,O0KDO3K,admin
463,09N7D2Y,I4P6XTH,management
464,TJKDO5O,NP2UFYP,admin
465,7ZUHD73,2V4I53B,clinician
466,R3Q88NK,X0DXKGP,admin
467,U6SO2S0,3RFNMCN,clinician
468,E9S3P21,IAMFSDY,clinician
469,U10XEOB,FKEAKIZ,clinician
470,OZWZOA9,Q6K6ZAF,admin
471,6IC9554,H2GTDO8,nurse
472,L0SK9D3,EKOK2VJ,management
473,QCFDNJ7,KZ4FX81,management
474,R5OF4XB,2K6RVBD,admin
475,5ZRBKVB,SOTTJO1,admin
476,41DPTFL,ZM0KK4E,nurse
477,JF2RF54,NXIBXZX,nurse
478,M52ZQCW,79UG989,admin
479,YND01MK,FRJAWQ2,management
480,S82TRKI,TKJTZO7,clinician
481,GRUNTUS,6YBJJD3,clinician
482,U3Q9HIP,1G36JCH,admin
483,TOGNNAI,5YQVDY8,admin
484,WUKAEYN,VQEM70X,management
485,BLGNL5Q,GIO5S64,admin
486,T9NTXKX,IN82Z99,clinician
487,RVUUUMG,52M4FME,management
488,TOVEUEF,8R6F6L7,clinician
489,W4AVBZ2,XPX7UX7,admin
490,QEYS0HG,PNX4EX3,nurse
491,I637DX5,BE8914C,management
492,WV203TM,ZMCFOCF,admin
493,UGKD8TK,TGV2JD4,clinician
494,9PSDJPX,PY7TPUA,clinician
495,S8K11FO,E4N59SQ,admin
496,HZ4TXZU,3STSHZ9,admin
497,35SWHO4,BLKSWS8,management
498,EO5EPW7,10SFXGB,admin
499,JQ7J9EI,RZPUPG6,admin
500,79HL1KU,QA1IQ06,management
501,JS5FWH6,8YFRAAL,clinician
502,GD38QR9,0SPFQW2,nurse
503,464P6JM,F3KZOTM,nurse
504,6KYV6Y2,R23L6BT,management
505,88KGESW,OQS2DF7,clinician
506,DV9STYE,LFT6C1X,clinician
507,4PX6Q83,V9XKUR0,admin
508,T24A3X2,TPZMI7O,admin
509,TFMZ5HS,LL3IY4L,admin
510,8UBUHER,CVS8ELV,admin
511,IW29ID2,80MPBIW,management
512,8PUNIKA,T5STT9J,nurse
513,E2CMSXM,8JNW2LK,admin
514,YMYYZ4G,NX00Y04,clinician
515,M8UDZ2N,LQ5GEPU,nurse
516,2F3KMCJ,VDCX9HU,management
517,V74W2B3,HBGALXJ,management
518,79E1TBC,ZFE1YQ4,nurse
519,VL77DI9,99GF87G,management
520,I6YNN4A,0RURXSN,clinician
521,9EX1YLH,30RSJ5H,management
522,YL0F83N,ZWOP9GX,clinician
523,IUCO521,VD4X215,nurse
524,VCTAXFT,XN392JT,management
525,BPW8VJ6,DAUD4OA,management
526,GY2SGLD,DP6XOFZ,admin
527,75B4W5I,9C4DNXB,nurse
528,ZTWF1BX,7AZ0LUD,admin
529,DLQVB4N,DXE4TD6,clinician
530,Z8877GR,G6TL7DS,nurse
531,0JZLMDY,I5164BS,management
532,MI3G7P5,0TPZ598,management
533,VYLK3VT,CM89ITQ,clinician
534,6QBMT35,LN45DOH,clinician
535,7S4JGCC,K1QY2Q3,nurse
536,F4MIIV1,M97KNYM,admin
537,DQ051FK,V1JX5PD,clinician
538,ZK0PKMA,S6335O4,admin
539,5NLF0AI,HEVOXHY,management
540,K3ZRFJS,PI122UU,management
541,HENX9AF,TYDMZES,management
542,KSMXR4R,ZYEUSVZ,clinician
543,W1MTFAK,EWS2DUY,nurse
544,ANZTKUA,MX09OA0,nurse
545,EHKDD3M,FMCFCIB,nurse
546,PL9Y3F5,KJM6XMW,management
547,03QBOZI,X4UUYXQ,nurse
548,MLTYQO9,ODE4KHS,management
549,9KD0GHZ,EWW36J7,admin
550,QF0TVRX,Y6SUQK9,admin
551,OF4UICB,2U0OKH4,admin
552,O7VIUMU,8D0TKSC,clinician
553,8AMD5HC,EVAR02O,management
554,NEWE98H,RY58LAH,nurse
555,T8SH2V2,HI4H4V8,management
556,CLHO29W,PD06XU5,nurse
557,3SSDLTR,A5TITMM,admin
558,TQ092MQ,Y22NLYT,management
559,KEMEWUR,5H485FA,clinician
560,F8K79ED,MEKI2BJ,clinician
561,3UWYV5T,Z5H5E29,clinician
562,S5E2OZQ,HXBPC60,admin
563,86085NL,K7GK9B7,admin
564,OBD67B7,0S8MQQO,admin
565,NR59H1E,R8YTQGE,clinician
566,DU2OEEI,242UOJ5,nurse
567,PDRUPBU,13Z07PK,management
568,Q9XV2M4,JDHF85C,clinician
569,KDHVPYV,D5HUKWH,nurse
570,Q8UV12Z,JT0IX28,management
571,2NG0YKX,D50F9WB,clinician
572,TVK3N3P,ZPNVHPR,clinician
573,B16WSW8,P7E0R4M,management
574,SVWJ7DT,27KYU47,nurse
575,W8PHKW4,L817ZPK,admin
576,3KXIO2O,0S48XN8,clinician
577,N2BD7Q4,A5ACTXO,admin
578,FM27E41,YC02JZS,management
579,Z159TDN,T26OR2E,clinician
580,AOXBTDS,DITKCWG,management
581,LOQG0SW,S8EV7D0,clinician
582,75ZF9R5,PG8LE93,admin
583,Y3R92Z9,16KVO6U,management
584,BM72G03,A7MSAB4,admin
585,S7XVTP6,1PHM6GE,clinician
586,QREEL1V,8QJGXIZ,clinician
587,SMCAQUL,QOZQLLC,nurse
588,SE9VCL5,AG1STO3,management
589,BY1LZLY,RD3QX71,management
590,LUK28B7,L7IUB8F,management
591,MIXXY8U,763Q4YQ,management
592,IR4G7YD,ORHOV99,clinician
593,PM5AELY,ERZJ4Y3,nurse
594,HU0PC9E,RYA8KUG,admin
595,7LVWRM3,9RGYJRU,admin
596,CIP7JAD,WT410PM,management
597,50H8Y2W,UHFEDIF,clinician
598,U0KKDU2,KLZ7N3Z,clinician
599,0KOCH3Y,47GFW8H,nurse
600,I7Y0U5Q,2CQNVHE,admin
601,H10CJQY,1Z3JHEC,clinician
602,RSIBKVT,9BNH0OB,admin
603,3GC38Z8,X91M3ER,nurse
604,5PZKTBS,20T7UOP,clinician
605,80BE1WA,PTLUKGH,clinician
606,IZUA5DY,P28IE8Y,nurse
607,D51VZ0H,R9Z906B,nurse
608,I9TV4QQ,LJP5DLQ,management
609,VJHD3IE,9YMWCTI,nurse
610,EPHUT2Q,YPUEFAE,clinician
611,67AICLD,ORY4YWZ,clinician
612,Q6S20QC,IIFHAOD,clinician
613,RGFOVQH,Z8NCCDD,management
614,G6MVHI7,4JYZGGN,clinician
615,HI4QCFN,18GEXL4,clinician
616,XTHN1WF,EHWPDLZ,clinician
617,OABIJR4,NFDGACK,clinician
618,Q78W39V,P3TP6DV,management
619,5Q7TKN2,E97R8ZL,nurse
620,BPCV4B0,9VGDPW2,clinician
621,97IOFH4,TFY647L,nurse
622,BM0HBLX,P3IMWB7,nurse
623,JE7XED4,4XWDNIM,management
624,NUNGIJL,1TOXU5N,admin
625,RU2F0P4,OX1MYXI,nurse
626,8EEGAQR,FL07N0Q,clinician
627,2DAFU1J,PH2D50I,clinician
628,SBRA6A6,7C57BN5,clinician
629,USF8J9L,BBU78XK,clinician
630,OK01DIS,PV38Y6D,clinician
631,OPXL095,0QLJ599,clinician
632,30LIRGL,ZEL3YB4,clinician
633,UNV80LM,FZM8TEW,management
634,9HLZINX,XUU6JHQ,clinician
635,7AMM3Q3,9D5UBKU,nurse
636,67V3IDI,ZOBZ4RB,management
637,SXV4G7N,HFEJESQ,admin
638,DIB2WD5,VWOAC0S,clinician
639,TBAPM87,WD14UGE,admin
640,K6F9KEH,B22V11H,admin
641,BDCI1F0,RWOOPLV,admin
642,0E3650E,KF0GZPZ,nurse
643,WM9Y97Q,0IRDYZ1,nurse
644,R7KLBRA,UH4B2BH,nurse
645,F6G1VC1,M5CT4D1,clinician
646,GBZK3I3,73R7TUZ,nurse
647,YTJQX9E,YA8UAHW,nurse
648,6KZLU66,BHK8ZBM,clinician
649,KYIPE8I,Y6M6Z1Z,clinician
650,ESNLMKH,W6K6RNU,clinician
651,J762EE7,ZJTJ2FJ,admin
652,YB1BYAB,YWLEE7H,clinician
653,4QPNPO2,HEMMPR8,management
654,OQDCZHS,38TJ7KG,clinician
655,ZSWFEG8,2KM0ZGL,nurse
656,TAL5LX3,DUXHVUA,management
657,OC5KZGF,CLBECQR,management
658,DNIKZI7,1V1XYK4,management
659,4A90T0M,CQA7XSF,clinician
660,3IDEW8C,9NQCR00,nurse
661,XKD1QF5,G7BAFWT,management
662,EHDEI26,0KNCM2T,nurse
663,CO348JF,UDGBA9C,nurse
664,LDVCJPT,48I1RCK,nurse
665,LTPX2ZY,3J6PTQ4,management
666,JUPIKQM,GV6OUH3,clinician
667,TX59Q09,318YG60,clinician
668,5KDXHYV,THDCOVW,nurse
669,EZJRKJ6,NRDCFFN,admin
670,BCGCURG,PA5XJ4A,admin
671,DW26YNP,L60KD5E,clinician
672,HX7921Z,FRKZ4W9,clinician
673,W5WIQZA,3QDENYJ,clinician
674,5E7Z2O0,GSUNLBA,nurse
675,E3349UV,6JV3OBQ,admin
676,861R2AL,S5SY5WU,clinician
677,V2FSKCT,IH67AK2,nurse
678,PH9ZI3P,YP1XVJE,nurse
679,5QM0D8M,8UEWQ7Z,clinician
680,P5ZITNG,BK6WG7C,clinician
681,VUPYX03,UN5D505,clinician
682,YUIQHRX,AZD4APL,clinician
683,N08OJY5,T43I0NB,admin
684,DRZMGLO,F62DU00,clinician
685,ZH2B1FS,NQZEPK8,nurse
686,0JX23TL,99TJXQH,admin
687,2K6V8MD,MRMHQEJ,admin
688,ZIFKYS8,HOGWPA7,management
689,NCSU7W5,YJAELI9,management
690,RTH1B74,1KCN7RA,management
691,D839FN0,OHRNXS7,admin
692,S9903CQ,6CEMIYF,clinician
693,P3QUEEE,3BTD5GV,management
694,VYEK96Z,894SJHF,management
695,I2K3163,GQ0DXZI,clinician
696,E9HNEKY,UAYZEY5,nurse
697,8G7VU9Q,W5T0KCQ,admin
698,NPOYIQF,FY1G27L,admin
699,L9R7DK2,GUV53DS,clinician
700,BE4BE7C,TY77ZSV,clinician
701,YIO12DL,95W0VS5,nurse
702,4GSHSL9,4J19K8C,management
703,H7VDN46,1NMGHJP,management
704,03M882I,Z8BZRRQ,clinician
705,WPFUQYC,KDXQU7K,admin
706,SESKXW1,CNBJHXH,admin
707,CXRYAAV,4O8GXPH,admin
708,5R7497W,LQTA5MI,clinician
709,0ST123K,SMGVTVO,management
710,C79J0WU,XMMQCME,management
711,50TFR7E,LGXBHJR,management
712,057DOIX,JLM4K28,clinician
713,DXMZ89X,8ESV1M0,clinician
714,HYQ606E,VQB4NHE,management
715,W9HHGKZ,RDRXQ2O,management
716,RM9DDYE,6THY8M0,admin
717,9QS1732,CL0KJZO,management
718,G34MBXA,947J7M1,nurse
719,8FZ78BM,CCG8DH7,management
720,3HOY2JL,ZU0XHMJ,management
721,0U0BDXE,CWXUVU8,admin
722,NCLMZL3,5FO3WM2,nurse
723,5N9F1P7,F2EU8LW,clinician
724,VEL5SRI,SH6YFPJ,management
725,3Q1PC7W,UH0V2OH,management
726,3FQBBU1,FZ7FQRU,clinician
727,ZHXODRV,4DMA6S5,management
728,QFB939C,31VNMBY,clinician
729,6F2RLEW,U8IDG22,clinician
730,QNV0E0N,NPH1XSY,management
731,G14BMK2,FXOXXNC,nurse
732,EAPVW8L,0SIBWIJ,admin
733,5CKSRT6,ETPH9UW,clinician
734,5Q7R5QA,LYATIDP,admin
735,PS0ROY6,MYADMV9,management
736,KPWSRYC,FQFG5N1,nurse
737,T86K6G4,6ROXK2R,management
738,MF6FV6N,PZZVDX4,nurse
739,QTPOJ8C,UPCK4F3,nurse
740,IKUKHZV,5AV1YCH,nurse
741,4VS4P4N,C0LZFF6,clinician
742,VL57M2X,ESKKGB9,clinician
743,0V5SDYJ,M2I81FX,admin
744,EI4BNR8,WIP6UF4,nurse
745,TM39W4X,XVSNTF9,nurse
746,T2R1P8E,98C659D,management
747,N7G5PCQ,DF1UR51,clinician
748,X4SBZK3,FE7P8H5,clinician
749,JDAUY0I,RJAJSBO,admin
750,CPMYBAO,0NKTATG,nurse
751,7VB445H,WN7XM0W,admin
752,9LVD6YZ,M60B95J,management
753,9NBQVD6,FBASZXO,nurse
754,NQR4IUR,8GB1XCU,management
755,57E5DR2,Z0LEN39,clinician
756,ZHH23OJ,RT3010Z,admin
757,7CUJGGG,AAK8B71,admin
758,YLHMIRF,YMFLHUY,admin
759,8LALZ8B,8YOYKYM,clinician
760,O1YDYUV,OJFZKH1,management
761,N5T9JR1,44BKIJU,nurse
762,3E85665,GCJYWLL,clinician
763,OBT70NX,OAGECRQ,nurse
764,EX668SK,TSNE7TD,management
765,JD1NVSB,LJX2MI1,admin
766,Q6MBKF7,FIY2V7P,nurse
767,HPXRY91,YVFDZ9A,management
768,JTLIK6T,GVV0G2V,management
769,7Z46C71,SBJVG0T,nurse
770,5WTTNZA,M78QTGH,admin
771,Y54INNM,OOLJU09,management
772,ZXEI0SC,33IPAEU,clinician
773,205XR56,Q6M4Z3C,management
774,QMQGHNN,OYBY8VF,nurse
775,UFIBQOG,CC4IWG9,clinician
776,E25JCMX,BBA4ONP,management
777,3YD77KI,VJS2V68,nurse
778,0NEQKNZ,PBPDZ4Y,nurse
779,6F1URW1,0BMTZ8C,management
780,47VUCLK,8M4BVL6,management
781,TXDAZ89,9L7WMSZ,nurse
782,1J4OX1V,H3FONX5,clinician
783,05DGBAC,4P43RJ9,management
784,IUUZE3X,WSVM3MU,nurse
785,7YBYUF7,RYVJKFT,management
786,DCC02UM,SQRVJ7X,admin
787,5OPMO85,FN8V2RX,management
788,FNPEQR1,UZ40W8O,admin
789,ISZVHWD,IBVY0JU,management
790,3LC7QZI,TJUCQ4B,management
791,0YFAIGE,NF85W14,nurse
792,KQ7MQ71,8F9ITAR,nurse
793,82ML6BF,6E0LKC0,clinician
794,8YJCS8P,HHZ64PW,clinician
795,GGYGKMQ,3Q9QUE6,management
796,4MHRTIS,TVIOXHB,admin
797,C07ET4U,INI9ATK,nurse
798,KVRAY9J,LVIDGKN,nurse
799,5F2GSOE,XBSJMDS,admin
800,FXW97RE,M1ETNEJ,management
801,DAJY7FZ,2QPFK50,nurse
802,05ECARI,Y7DFYMN,nurse
803,ED9H7PO,KLF41TN,management
804,KFLN3WL,KDWDJ2C,clinician
805,N79N487,LEX4QDQ,admin
806,ORA7YF2,U5W5ZXG,admin
807,44MXHUQ,WVWZ2DY,nurse
808,2UI3I7L,LTE8E74,admin
809,2U447EX,1K7EDZP,nurse
810,ZBLRQ1H,Q5X8MQJ,nurse
811,A7AECT6,AF9VWYF,clinician
812,Q6R28ZE,YPAGA8X,management
813,TBM3TJ2,N0UM18B,nurse
814,XH82L3B,T9MD32G,management
815,4JFTTIF,UDAQPGY,nurse
816,ARZ8W9V,4E5JCPB,admin
817,GSN8MDZ,A4PUOGN,clinician
818,TK27YW9,XFMQFHZ,nurse
819,938S7AV,3AK247A,admin
820,VR18MHE,M7Y09O0,admin
821,DPI6I71,2B35ZRE,management
822,WGAOA90,UQALF38,admin
823,C0YK3U6,DQMKCCW,nurse
824,5WWLURV,ROAM7O0,admin
825,KIBYC6R,267OW4H,management
826,BITC188,0JFFZK8,admin
827,94LDE71,IL54ETK,management
828,1DBOKXI,CE4IW3Y,admin
829,ED6HREX,TT558BW,admin
830,K9OV4IX,D6YL7I1,nurse
831,5FVP9RJ,H0OIZ5Y,admin
832,OUL71HY,Z7Y79VJ,clinician
833,XEWFCKX,E88ZLSO,admin
834,4GRARPP,80NVSCN,clinician
835,IHHJT3D,HOMPSO3,clinician
836,DHWD1JG,HA36JFR,nurse
837,QTI352R,OWM5B5O,clinician
838,3XXZSI3,WF2GN41,clinician
839,MIT4PFK,1FVAMA1,nurse
840,2T21BVO,NLYCRXA,clinician
841,OCZ3564,K5PH2F9,clinician
842,UXUYZSQ,07EG6SH,management
843,7MFYCXP,QGV453X,admin
844,NMKQLT8,L6ZTA7V,management
845,1106XQL,JNJ98VL,nurse
846,FLOEAYU,MDYVOV1,admin
847,R0B377Y,ELLT2K9,management
848,2G40HQ7,6XDRPHC,admin
849,X4RI5I4,VGKKKTD,management
850,NXRF6R5,8F8GX7M,clinician
851,T3L7F81,94PVEIF,clinician
852,76ZCJHW,YPPDGT8,management
853,P4YSXPW,G3VJ1U7,admin
854,WP1T5NA,F0GW7AZ,clinician
855,MDNF1LO,UJ1GXYN,management
856,N7UUPQV,75TY9YE,management
857,W8ORXXV,T8OKMBF,clinician
858,K6VXCIJ,NDTP5EA,clinician
859,IVO8LD3,YBFMA0B,nurse
860,RDFYD9C,0I9JS77,clinician
861,K2U90C8,SMII88S,clinician
862,XXNE0DX,F90M5QE,admin
863,OZHGL2J,LKQSJE0,admin
864,SJVWZM6,VTOTGEN,admin
865,9O638CG,KIP52L1,nurse
866,ID5NC46,A8AOCHN,nurse
867,O7KQ0B0,XR5MVQ8,clinician
868,FEFD9G9,5U2XO0G,management
869,B1PRQ2D,ADYJGJV,clinician
870,8OUPYF2,42XWIHS,nurse
871,3JOC6HD,PSNN7C9,clinician
872,RTSY6JH,I9D9L4X,clinician
873,77DJOS0,32OQGBF,management
874,PQ1OKBN,K580Z8O,nurse
875,C2AKFCO,9BHF9FU,nurse
876,MS8GI6P,RZ13CZQ,management
877,SDOE0ZK,DWOQCXX,admin
878,OKWICOO,C8CJ4DZ,management
879,USH9RV4,LIE8TT5,nurse
880,GOX6R48,SI5SZ70,management
881,GSVDVVT,R8ZO7JJ,nurse
882,4XE4O8H,4LY9XY8,clinician
883,6VGJ043,44VG8KK,management
884,X34P17M,BRRPU6A,nurse
885,3O2DZMY,WQ6W5MR,clinician
886,ZGFKM5P,431LBJ4,nurse
887,YS447KC,HU0ORK3,clinician
888,9BMYF52,M698W0V,management
889,QSZVLTZ,51Z9RUO,management
890,0455C7B,6NP8IED,nurse
891,XT56N24,OPTQ7GX,admin
892,APX2WE4,63RRIJX,admin
893,ZZ57O8E,PV0TZ0D,clinician
894,5J4WQ8V,6N3PTV9,nurse
895,GMOH344,UHU5P1N,management
896,QKUPSUG,EB2DDCI,nurse
897,MFZ0FY6,TT95L9E,nurse
898,H2ORL76,XFF37KJ,nurse
899,ES760SO,8HY10J1,management
900,BL0PIB4,LS3GKXN,admin
901,ILTEVOP,RYNFRE9,admin
902,NUH65XF,BWXPHRZ,nurse
903,IPQ8H82,19YSWIM,clinician
904,68QYX4A,PLSN7LU,nurse
905,MGLH823,98A07NP,management
906,JANPG85,9DUN4KS,management
907,15EF8DM,HNXBWTU,management
908,44887P4,635V64N,nurse
909,YTDC585,4FOJ424,management
910,XQXEZBA,QKVK4UO,management
911,VSWWDJZ,LNA7EN7,management
912,WL8HAWG,PIE399X,management
913,SCQA7XX,DVLM434,admin
914,H3BN1WN,E0VTAV7,admin
915,E3EG0GS,NP90APC,admin
916,SFSPELP,P6Q7OBX,admin
917,NF36Z2B,OYEAMFB,admin
918,6HY7OG7,FDJ8H54,nurse
919,ZLZBC8A,CD6TTUE,admin
920,FH9RZ1J,81Z57HB,clinician
921,3WR4D3L,SB5Q8ZG,admin
922,1BPTYGG,05FWC5O,management
923,KG5XXBS,2KSX5K2,management
924,NETSEBW,CTCKVFN,clinician
925,HAQWBH2,49JCT7W,clinician
926,1A49FYC,1YZROKR,management
927,ZREL4JC,UOTLOPR,management
928,NBD8QXU,NE2F71Q,clinician
929,KZ9GIQR,J0JGDJU,admin
930,D7DF1H4,T7FV56M,nurse
931,Q9KNKQG,JGJX1G5,management
932,5E82F3R,Z3Y5Y10,admin
933,W3J0CE6,4485ZV4,admin
934,LQRUKLU,VMDXOZP,clinician
935,W9QDRWF,BBK2NT2,management
936,00YMOY7,0MAU5P5,management
937,ETVEGMR,KIC7ZTW,clinician
938,4EYLC8B,9E6X2PV,management
939,XW62HVY,I11LVJ7,management
940,U1G2B42,ZL1WUNL,clinician
941,MOYLJF0,3KNIX3Q,admin
942,MA8ZYDI,EZUCUVX,management
943,U508KHW,JS7WLJS,admin
944,UTO008M,IVFPPJX,management
945,PUV7YGV,TNPFV3W,admin
946,VWZXXME,FPKIEQA,clinician
947,MP76YL7,9CRI65H,nurse
948,GOCLOFC,RAOF66G,clinician
949,J8EU2I3,9H3T6K7,clinician
950,5BR9JU4,QNWFEEF,clinician
951,TXXBNFI,P829MZJ,admin
952,1D8RQYS,KMT28VP,admin
953,9P7WMU9,NDR6UP4,management
954,BG91WG9,PGMPJYF,admin
955,8CVITZD,D4DRZ5C,clinician
956,LHDDR7X,NL284HX,management
957,VRXTX6D,D916PAN,admin
958,3WF2AAW,S8RUDIP,nurse
959,9U7VCD3,QBQ8RWB,clinician
960,NN42M4O,HK2IFC2,clinician
961,7ZPS7V9,K2HY2GR,management
962,4MSBHCV,YTK7FYI,management
963,1HJK12P,D0MAUOZ,clinician
964,VJ6E4AV,8IXYV8T,nurse
965,6Q5YT3E,2ZUO3GG,nurse
966,3M6E1UF,UFWQJWL,clinician
967,9BQJM16,HRQYGQG,admin
968,G0HW1S9,DMMG5SI,clinician
969,YL45MS5,GEG4TS6,admin
970,J7L2YU8,MVGZPXR,admin
971,ABCN0B5,KADUWGZ,admin
972,KLGZZZF,HPT006L,admin
973,AU9R3U4,N1Z3BUY,management
974,3RFN8AC,WVUF75V,management
975,NZ3FYMJ,AM3KCO7,clinician
976,WFI2Q4E,B7MLWC4,management
977,W1WUC5O,QCW9YL5,admin
978,GCXWLK9,9GTBPAV,management
979,E5BFJPH,UYU00QG,admin
980,8TSF52I,GLJFXTZ,nurse
981,DNCCDYW,R9KF4VZ,clinician
982,VYL3YMD,T98G2MO,nurse
983,Z629KY1,NPOTQXV,nurse
984,YP5C5Y4,KRR3AVZ,management
985,MRE56E9,633CKR3,management
986,FXG1XGR,KRWQJZP,clinician
987,YKJIBC4,3VR882W,nurse
988,6U6YKDZ,STGO5QA,clinician
989,AYO679R,OVUOUUH,clinician
990,XWB1Y6J,DUQLQBZ,nurse
991,AW6856Y,YHA5VI8,management
992,JUGTFVT,KQCYIMD,nurse
993,9QA5JNB,I5V7SMB,admin
994,Y4LWPH0,YGJODEU,clinician
995,ZA34YU0,C5S3HWD,clinician
996,LVS7K8N,49WEGKZ,management
997,S4JSQDN,CCH57TD,management
998,H0S11II,G7ORRL3,management
999,111X0S5,VWTBZJI,clinician
1000,GTOPM4X,FGMQZS7,management
1001,BI7MD74,MXQALUQ,nurse
1002,446JPRX,K1JQTSY,management
1003,ZY6VFLF,8KH6492,nurse
1004,WIM66DU,QBN3Y1Z,admin
1005,ZA6CWUR,ISXYFD4,clinician
1006,FYJP6N7,YLHKDT3,clinician
1007,8VUJBWP,FNMX3BW,clinician
1008,R3ND6ET,PGKMS45,management
1009,9SSQB1R,MQH4MIZ,clinician
1010,RJ20J0E,GJ8G9HA,clinician
1011,BKTPDBH,AIO5K5X,clinician
1012,ZWTHPD0,4CNPZD5,clinician
1013,2F1V12E,UHWFP0Z,management
1014,D1ORCUR,1GG712I,admin
1015,Y81UBZZ,NIAJB1V,management
1016,959I3LV,T6PVU06,nurse
1017,QO649KR,RG1O3V1,management
1018,P28ZH9U,EUYEZ3J,nurse
1019,PHVUDUK,O22YPHJ,nurse
1020,4B7ULV1,WBWU35B,management
1021,VRDCY39,YD1TDPC,management
1022,NQGNDLU,MQYOJ7G,management
1023,VRWKC9H,QLPWOQW,nurse
1024,J4HJC0J,3I5ENKQ,clinician
1025,I2IJR1R,Q90SWQ1,management
1026,3B9PHX1,FEFLO0H,management
1027,N083385,OXX53MT,nurse
1028,8H9A1UL,1WNXIWT,clinician
1029,GMU7IKI,CVZ7M3P,management
1030,G8AX7YF,KC0QX78,admin
1031,3CQUFK0,XO9BOOM,clinician
1032,0ITRAEQ,YWC6HA5,clinician
1033,HISON27,FY0RCXX,management
1034,WXUVR5S,0NR23S4,management
1035,5X5J5SB,XYYLCK7,nurse
1036,ID4WYC0,KBGMJV4,admin
1037,FSD7BQE,ZXUZTF2,clinician
1038,FMXNDPQ,X4GT81N,clinician
1039,B7FMGVI,BUAXC7V,management
1040,6B7IE7Q,EME6AMH,admin
1041,XJ41O5C,RCS1SSV,admin
1042,4FPL87E,UH6XREX,admin
1043,DR6B4E3,43NAE01,management
1044,4LSD9NJ,GUKYDP9,clinician
1045,3XV8RFE,7UZNC9K,admin
1046,REJHNTF,PDHIT7J,nurse
1047,P2WINFY,5H8GHXT,admin
1048,ZJCRL82,L8V6Z3X,nurse
1049,MHY4LA3,6ZDDOB7,nurse
1050,Y41787L,HB9SANY,admin
1051,9Y9R0RQ,ZN3HEBA,management
1052,DG1097B,NCQ6NSQ,nurse
1053,302HO57,5S5T747,nurse
1054,66QR3Z6,Z9YFFOD,nurse
1055,B0EX6MF,0AZE12N,management
1056,MECEND9,RPVEQKR,admin
1057,JH627NR,P1PVIF6,clinician
1058,7AADSN3,K6AAQ2G,clinician
1059,E966HRW,4MXKY3W,admin
1060,A96BOPJ,8F7TIOU,admin
1061,P444WFB,DFBCF4X,management
1062,UTTUXZ2,UFYC4ON,clinician
1063,IE7BUBJ,M26HPOW,management
1064,R4MDQ9N,QLLHINC,nurse
1065,ND9FIJR,6ASOZSI,clinician
1066,A39Y9XS,YM2U4QJ,admin
1067,OQB6TXU,KJE2279,clinician
1068,41XINQZ,2QKBVYY,clinician
1069,TFZRNRM,HRIJC9B,nurse
1070,59U0O8Y,5C8L0JT,clinician
1071,GMY34Z1,RDMB8U0,admin
1072,DRDMQT9,DULSXMW,admin
1073,8UQK5G0,8M0XND7,clinician
1074,KIPH1QP,V35MWNG,admin
1075,OI4MDPI,OZSI45P,management
1076,BJRI3UQ,ZI4BOGD,admin
1077,M0KK470,23ZIGQ9,clinician
1078,XMM2K7I,UN4KUZY,management
1079,4JZDST6,N938O0B,clinician
1080,1K7QTLT,4U1G9RH,clinician
1081,I5PQDEC,S0UV5PT,admin
1082,WTQIC42,1IKARQG,admin
1083,ZXB8DK0,W5MY5Y0,admin
1084,EPAAYNZ,DO4HDOL,management
1085,OPWIMPU,WD7N7S7,nurse
1086,R8P9NHB,AE5L9L9,nurse
1087,RE1MO87,IVJY4JB,nurse
1088,6SPSH1A,5M8T2G6,management
1089,K0HYPD8,8VN80O7,clinician
1090,I04CTT9,8F67HT4,admin
1091,T05TS0O,VDLTZQL,clinician
1092,ROHHLEB,ROBKH1F,nurse
1093,3GTFUPD,5GO8ELR,management
1094,X3YWI12,JK3W7O6,nurse
1095,9TVO1B5,648Q0R7,management
1096,AHTK2KR,9I40AGQ,clinician
1097,9TSFOZZ,2BNIIZB,management
1098,QUABRWQ,IEUE2A1,management
1099,7MOI1IY,QJO2J23,admin
1100,FSHSYLM,B2GTX86,admin
1101,J17WM9D,33FS2M4,clinician
1102,D4EP8UY,WYA691H,admin
1103,U15EAOR,CGDAB7M,management
1104,GLGZPV2,YKFHW2S,nurse
1105,ICJDS37,JCD9PC8,nurse
1106,AQHY83S,4FVOCAJ,clinician
1107,H0VVB23,FA7K70I,nurse
1108,67LMTAR,3ZHNIBS,clinician
1109,NCDFRJE,NYZFD8H,admin
1110,2MDUB7P,86UF1SL,clinician
1111,R3SB2U9,LRXIWHA,management
1112,A92PC12,Y8KW38I,nurse
1113,8VR91WI,OPEXE09,clinician
1114,LI3OMVB,PTILU84,clinician
1115,1NQ14NS,U2IS12K,management
1116,15LKRA9,5H3368A,nurse
1117,WCZ2XGR,6MKF90H,nurse
1118,0IAV4VW,PHWU03E,management
1119,L0J3DLJ,IO1BMN7,admin
1120,CIZGPEN,S6F95QB,nurse
1121,JFKJ044,FC0RQCH,clinician
1122,1LN6N85,JOX6FZH,clinician
1123,8OZIY0W,TG3GLPV,nurse
1124,CEYL1AA,ONGXGQO,admin
1125,U2U6FQI,6KTSALM,nurse
1126,YGC7HQ6,FY36BJ8,admin
1127,4P6JHX7,X56FR8Y,nurse
1128,R8QOUV3,YP9X1BK,nurse
1129,2IBVZBX,377YVYT,clinician
1130,E8DTZJY,82F96YM,admin
1131,ZZNOI9Z,D939KAB,clinician
1132,WKZ2X4O,M7E0MH1,management
1133,OJ06IF3,K82HJV6,admin
1134,T5DPL7T,58EH5Y3,nurse
1135,8X3AU7P,I9EXC02,management
1136,XBWHLGH,F1UC4GZ,management
1137,B61HIDS,7ETV76N,admin
1138,XOJYVY2,NG0ZGOY,management
1139,BIFJC9T,74CWWB2,management
1140,8O5RFD2,F2PCLH2,admin
1141,MF6D1OZ,V83MZCE,nurse
1142,JKSQ9AW,DSEJ7TL,management
1143,NG8D4UN,5YX2ECR,nurse
1144,IVLA8Q8,ZIHOZ20,clinician
1145,8U68M87,OU8GI7G,clinician
1146,VPWCFHQ,TNZ84VF,clinician
1147,XK7W0RK,2PMD5UP,admin
1148,6817JU5,P2LZA21,admin
1149,7RU8WZJ,ENXTQU7,clinician
1150,UA8MLF8,HSXJB78,clinician
1151,B2GCE8K,UZ3US0K,management
1152,6MLPL4F,MJ7D946,admin
1153,L6HGVM9,9H7CRJD,clinician
1154,QMKN2L4,QWWQ41Q,admin
1155,CAFLNW6,PZ3BZB5,management
1156,TRUC422,W4M69I1,clinician
1157,HBWUN21,WR9N04L,admin
1158,5FQGQA6,KZF23AM,nurse
1159,4J892WS,QA54I4M,admin
1160,GMSUJEF,AMPF1DW,management
1161,8S3NPHH,ISRQ18V,nurse
1162,R6QHV32,3EI7M40,admin
1163,BE1XOBD,D9BZNJH,nurse
1164,IHJB7U3,14P5A0G,clinician
1165,W0ZW5WZ,4ZEPVSL,admin
1166,O62QGOX,F043EFD,clinician
1167,PBETKF4,D04DPFK,nurse
1168,UZ5JV4K,2XS4SCE,clinician
1169,CEB10Y9,4ZMFK6R,nurse
1170,50WZVBO,X0WZ7M3,admin
1171,6MXLNMA,5LIYQPV,clinician
1172,SVTUBMF,U2SW2WJ,admin
1173,7561258,DRJI401,admin
1174,SR2LZOB,58HGM1B,management
1175,DEBWZMF,Y9SREU7,admin
1176,6KMZE0S,FU90IYQ,clinician
1177,8CTKUID,XHNLV0S,clinician
1178,7NUCRIH,L4B4KNH,nurse
1179,1GMNGJ5,DXS7NAS,admin
1180,WKF5RB0,VNOAG6O,clinician
1181,YXIV4RQ,AZSAILG,admin
1182,WD7C1GS,VCWXDAE,management
1183,Z658YMU,ZL0XV9H,admin
1184,84A9302,KL58V0V,nurse
1185,WO9ICWR,QW1KG3K,clinician
1186,Y4YQE40,VF7E22D,clinician
1187,VTV43PI,5AZ9FZS,admin
1188,V04K1PU,XBBWVY1,management
1189,7UKON2X,MCPZ3PG,management
1190,64OGPHD,IJXUFQ3,management
1191,QG652KJ,V3GCMHD,admin
1192,DGOT6MZ,SDAQ7V6,admin
1193,8UXWUFU,6PY6694,nurse
1194,B4C83YF,IRS4BUX,management
1195,2U1E1YA,0RQBGFR,nurse
1196,XTWFYKE,M0LND9C,nurse
1197,J4AU2C0,8K0PUBF,management
1198,9YVA9GN,EYN07UP,nurse
1199,DKJGFOK,9M4NKJD,management
1200,55UWJCV,U2XLTS4,clinician
1201,WVNWI32,BQIGW2W,clinician
1202,BEJHRJJ,EI6ZDVB,nurse
1203,41IGCHS,O10NGVW,management
1204,5X24TBC,AGZDDE0,management
1205,2FMLWSU,IYR4AT8,admin
1206,7T71Y6A,DWQMOS7,admin
1207,0W5L0JB,IV3YUMR,admin
1208,TY979D7,EQ6UTFW,admin
1209,P3JBH6X,5MMGQZ2,management
1210,3EUCJAA,H311CK9,nurse
1211,X3IWSE7,P7XRYL1,nurse
1212,9BXDL7C,3UEDMGM,nurse
1213,RGQ5ALY,0BJPXO1,nurse
1214,H6ZF5WN,G6HCKFO,management
1215,NN7C78H,3IMAZ5B,admin
1216,KFTN2YV,YZBA00Z,nurse
1217,6373UE5,3Y7V3P8,nurse
1218,976IP28,TE9MURI,management
1219,QN875S5,OP5RAV4,nurse
1220,K9JGFA4,13O39BY,nurse
1221,QSMOG72,Z8UHLXG,management
1222,2HFXVDU,9S5BMH9,admin
1223,D7DD042,BNFZUXC,management
1224,35MJ16N,ALUJHVB,clinician
1225,P6QGA4O,2F3Z4HX,nurse
1226,DF7I0SH,EW27SUV,clinician
1227,0B4U5UA,IZRA24I,clinician
1228,L67TGA0,KOHCEWT,admin
1229,JEM4JV2,RNTCMDH,admin
1230,5V5P2I8,P91NEWG,management
1231,AVUF5G6,Z9G11JQ,management
1232,G15C9YG,PUV5K6C,admin
1233,LCHVMZ2,C6JLA30,clinician
1234,LH8JN0I,A85SMPB,admin
1235,XRWBE3G,SMLFWJX,management
1236,TW8D4SU,AFHEW10,admin
1237,F0T005Y,12YOZYW,management
1238,IJHLNHR,OOH2XE9,admin
1239,1NNVVL9,KEFVY9T,clinician
1240,SAXJWAU,YC3U1K4,clinician
1241,RHR2M2X,625OFA0,nurse
1242,YE3BYPT,521ESTP,nurse
1243,1N58QC3,YTDQV0T,nurse
1244,8MT467T,JAEA549,management
1245,0DAGPCJ,8MUQYJB,management
1246,EJBOMNU,HMREY4H,nurse
1247,Z5NE4YH,8QU9EKP,admin
1248,2QPKJD2,IT0BCZT,admin
1249,YLC8R5O,GMWRNQQ,management
1250,GOFNZ5D,1BGMX1O,management
1251,K2VM8KM,0HZUJJS,admin
1252,ATC2TE2,2K6PQZ0,nurse
1253,ZSKL368,RKWHW2I,clinician
1254,DQTC3E3,SAM2H61,management
1255,UIAA7UC,GDSDK1F,nurse
1256,TO2HMCH,O8J2VNX,clinician
1257,M4R0VOU,AWY0GLP,clinician
1258,5EKQX5A,ST1WD5V,management
1259,8J7188K,GS4NPUD,management
1260,34S6C8Q,PX92VC9,admin
1261,3Q3R1CS,PF0LHS2,clinician
1262,XFQZ9L7,QM8OHJN,clinician
1263,T382BJP,ZZMBIII,management
1264,599SQV0,ZNY3ZDW,nurse
1265,SC5I329,BVSX0IU,admin
1266,LXW9OXZ,I9TJ5VC,nurse
1267,50NA40Y,HJQ51G6,nurse
1268,B1VWJLC,WAIVA70,clinician
1269,9ZWZZ1R,F7K2QGA,management
1270,T7E135N,CV9G05U,admin
1271,P86WMT8,REVXF1T,management
1272,ONK1ZK5,N1E2U03,management
1273,O7FG6S2,EQI2MWV,clinician
1274,FJKJDLW,9B3W5RN,management
1275,9VATJVW,3CD5EEO,clinician
1276,F226N0D,416AD11,clinician
1277,LVKXFY1,TQUZ814,clinician
1278,64GO2QA,768WIDA,management
1279,X5I6JAX,7HSG903,clinician
1280,WPLK8MH,DOV17TJ,clinician
1281,38IPZGN,1I97BFV,clinician
1282,NFWW6WB,VUCNLRR,nurse
1283,EYKTJLZ,6D57GDC,nurse
1284,9Z5STDX,4JCEFMA,admin
1285,DJUP1VH,C1P7DRJ,nurse
1286,VQLGIRW,ED65266,admin
1287,PD3K75Y,8KVD1WJ,nurse
1288,2BGWYBY,JHU5ZYX,management
1289,FCBTPXO,86Z1KB1,admin
1290,69EN9GZ,AM4O77M,admin
1291,RHMZ25A,40AIVPK,nurse
1292,N9PV76O,ZH0VE9H,admin
1293,Q3K9QGK,S3XWGSP,admin
1294,WZTNGVJ,NDIXGY3,clinician
1295,WS7GBDU,1JFOJF9,admin
1296,4HEY04K,RDMJL4C,nurse
1297,9X25I46,OP80HFB,nurse
1298,2NDDN5Q,GP9Y86U,clinician
1299,9P2AGF7,4NKACOK,admin
1300,AJFCMR6,BIC0L49,admin
1301,ISG7027,EJXMCZ0,clinician
1302,BN8Q63G,00F08ZY,management
1303,TJZ1EXU,H3BWM38,management
1304,4MV7KRG,LBIL0US,clinician
1305,KPEC2ZV,OI9QJDO,clinician
1306,W1I3KBS,PSN08SH,admin
1307,W2AMKWU,MIUKPW8,clinician
1308,PKPF3BG,VZ5DHX1,management
1309,XT2RN8Y,AMEXS6Y,clinician
1310,737VYMW,RP5HRYQ,clinician
1311,1DAR6YI,X3B3MPB,admin
1312,EWF1NGI,WRC389I,clinician
1313,WQ6NX7U,S8HPGPE,clinician
1314,NLMOJC3,T19N07L,management
1315,7YE2II3,QCG8FJ6,clinician
1316,CSEUXCN,JA2T8K1,clinician
1317,M14HNEQ,PEBNP33,admin
1318,OMY1K2N,6PF0T5V,clinician
1319,IVI33AQ,J155GK7,nurse
1320,9C3JF1M,3BI1OYM,nurse
1321,E2QW8CZ,WGGREFK,management
1322,4GD5N7E,FV47L87,admin
1323,R1GWOK2,2AMYOWW,admin
1324,610LH2T,RY4ZJWH,clinician
1325,4BHEA4F,OXAIS6B,management
1326,IST4HPG,BWI57OZ,management
1327,ES4LXGU,OTF9CLW,clinician
1328,T5AJGS8,GXCXFHB,admin
1329,4F2RPF9,VJP3BH7,management
1330,YM58XE4,BPMG0UG,admin
1331,A30AQZ1,L8J8Y96,management
1332,8SDYRNM,D6S7GFO,clinician
1333,QUYYS13,N38NWS8,clinician
1334,XYOBXMX,XOXWEWE,management
1335,CXA4EMS,YSXE3B8,clinician
1336,L36KU4F,SA1MRH9,clinician
1337,E4N9KAH,TW98YW0,management
1338,5TVI2V7,J1TPY4Z,management
1339,KN2T74M,DG6WTRZ,clinician
1340,XKL9DJS,1DWRHCA,nurse
1341,B1S4R7J,YPY10WD,nurse
1342,9O2TCW3,SDDR9TA,nurse
1343,VWUNHF7,4HY2X3H,management
1344,OIVO2AB,WHF827L,management
1345,S917H80,YT14EWI,management
1346,DT264JO,FM3UQIQ,admin
1347,A03R4U0,J2DO2M4,nurse
1348,GIOZ7FM,29ZBKLC,management
1349,0OAAPME,ZT2A18G,clinician
1350,2670TFT,QVAMK5B,management
1351,U5AH9A2,HEWH8IG,clinician
1352,VY3BUEX,I4LIIYD,admin
1353,RG5ERHI,XE6NOAM,clinician
1354,J7DXYZ6,3N8XHKO,admin
1355,MQFZIYU,VL72WWT,management
1356,TUSTG5T,4QYSFSE,management
1357,Z4SUDXN,5BPYFIZ,management
1358,E94Z91Q,CBB1R6D,nurse
1359,9ZU5R47,0DRB33B,nurse
1360,LGGG75M,HM1HWNF,clinician
1361,OD8GMVF,JOI7H60,nurse
1362,4NK49LC,ZMFYK70,admin
1363,J29UIVJ,Y1DO4GH,admin
1364,U7BM4GP,A9VB49F,nurse
1365,TL5C3L7,B4CA1Y8,admin
1366,BW75EYP,C96FLH9,clinician
1367,4GSGZ7J,CSCBAU3,nurse
1368,GHWDF5R,LNFIYYX,admin
1369,YBWNT58,G71NSEE,admin
1370,PLMBWJ1,CMFOAK7,clinician
1371,FFK9U89,PRGDNTW,admin
1372,MCRYEW1,GNWB83P,admin
1373,XW0XRE6,64S74ZM,clinician
1374,GCM5P7K,ZSJO2QZ,management
1375,3KAP1VY,UED3X7W,admin
1376,3O11Y83,T7NBTQD,clinician
1377,QV9CEOM,UB0WGLH,nurse
1378,DHJ2DMZ,PLC3XLL,management
1379,GR2ZG8K,11T3OB3,clinician
1380,I0HZIPT,LCNH916,management
1381,ROLWEX8,8M43D0B,nurse
1382,DKZ4GMU,08JC362,nurse
1383,UWNHU4S,O18KZX7,management
1384,0MVAABE,SB3B9XX,management
1385,29K7YM4,HUBUWR7,nurse
1386,5NV07BM,THJBY8A,management
1387,CCS152T,WUJVN4Y,admin
1388,D78JZ3L,ZIU1AS2,management
1389,QFWUOS0,ZK8HM7W,management
1390,WV1OQR4,LX7DERE,management
1391,462JX6O,86LH0KT,management
1392,4CV302W,3TPJA2Y,nurse
1393,66BWK95,415MUOQ,nurse
1394,98Y1G05,NN2SGC0,nurse
1395,YGXR0AQ,FGEQXVB,admin
1396,DMR8N5I,ZX61Q1I,clinician
1397,T3HKRQK,8693Y2V,clinician
1398,QCP1P7O,G7ZKVTT,clinician
1399,2F4CXSD,E1LGPR8,nurse
1400,94T3FV2,F5SW6UV,nurse
1401,HH8TLTK,5W7NOLT,nurse
1402,XYHRED4,WB753E4,management
1403,NRS6XIU,EZYFXS6,nurse
1404,62TPQR4,XC3Q3V9,clinician
1405,582W7J9,P99NL3F,admin
1406,7AT8FZ9,9VLW5MZ,nurse
1407,0A3GSBB,9PP24YY,management
1408,81LN3S0,A6U08S5,clinician
1409,BIS5JNV,U2QOMS9,nurse
1410,B7I8O64,4835H4J,nurse
1411,MH063QR,HTWN2ZP,nurse
1412,MRH8C45,6OSO1WP,nurse
1413,WKRNQZ1,8XWGBMH,clinician
1414,Y68BOUE,UGK5PBM,management
1415,2RK0FJ7,K1XAIUA,nurse
1416,GI0AB59,SZZTL4Q,nurse
1417,Q68CZKX,LT7IUCB,management
1418,EVEL9J1,RKJ12CM,nurse
1419,3166GSW,PVN9HG0,nurse
1420,Q4W8WFB,MZE4XWZ,management
1421,6350VQ6,5MOQYZN,admin
1422,UJXQ6RN,TBLN2H5,nurse
1423,M53VT17,ZISF7R6,nurse
1424,T9H5O9R,B64SJWD,management
1425,WV5VVXD,Y8PKDO9,clinician
1426,M4VOD87,Y0Y4XZV,nurse
1427,Q6EYA56,2EM3RYF,admin
1428,YLKK9NR,O16Q0QD,management
1429,C41M80A,SJZU3SC,clinician
1430,AZN13OD,I1O003C,clinician
1431,O3HZS6G,W81UPCM,management
1432,XIUUJOB,Q83QE71,management
1433,98E5SW4,0YUFL7T,nurse
1434,2LYXIR1,DCWGEAL,clinician
1435,36DC1PZ,LEOUJIO,admin
1436,TDXQAUG,S1HSN1R,nurse
1437,DBPS2DS,N5A3NEK,clinician
1438,H4SFUYU,HIH749Y,nurse
1439,5CH6A21,PD9UJEE,clinician
1440,XCQAPIZ,YA4AXTE,admin
1441,23ZV8RC,7KVCFNS,admin
1442,5O0LQ6W,GWHUPUK,nurse
1443,UH4PGRR,RS7SJV7,management
1444,5GKF4V6,1BF6UCT,admin
1445,SX14VUW,N1T0CAU,clinician
1446,CV4VJXD,NZZUKZD,management
1447,TEGVLN6,VS0S67R,admin
1448,JQ9VDHD,UBJAPQO,admin
1449,IYTQKTF,2IH7ENB,management
1450,H9ANKOR,EZWM7J7,clinician
1451,WEB557G,OM210CE,nurse
1452,GJ3JYPY,9DMUJSV,clinician
1453,Q41RSVZ,1T9003H,management
1454,2PQ0V2M,69GJ9O9,management
1455,S4X05J5,57TGGN8,admin
1456,FEKWUYQ,N3D6BDX,clinician
1457,ED2SJ1U,1ZF3CSY,admin
1458,APLIEHH,WBP18OF,nurse
1459,3HV3TU7,8RL42QF,clinician
1460,9PH9UGL,04XUZMW,clinician
1461,MC4XJY4,R21BH5C,management
1462,B3EQBEI,4C8YXLB,clinician
1463,DRBQRN3,0OO96BF,management
1464,JVPM2PT,XNVK9Z5,admin
1465,GCOLR2F,U0S4RN6,admin
1466,Z9J5N4Q,9FTT1RO,clinician
1467,Z95NKST,ES26DU1,admin
1468,V52BQE3,I2WHJY4,admin
1469,MTEFLM9,4YRN8ZM,nurse
1470,GRW27PZ,CQRCJU4,admin
1471,0N1YOZ3,DP8RCVU,clinician
1472,OWUABGF,DF72TOS,management
1473,UN0VKAL,0ZWPE3E,clinician
1474,CVPAQUU,WXA6AXT,admin
1475,8FVDZHD,P2109D0,management
1476,UOXB4JJ,VK0ECY3,clinician
1477,858BZ9G,2I4YKWD,management
1478,Q1YEG1I,3E4HCIF,nurse
1479,QE739IZ,BQL196V,admin
1480,7ORRL7S,BX5UN0M,management
1481,56W17OV,Z9YE45K,clinician
1482,DJ282F4,N27EW3B,nurse
1483,24J4D6A,4NWIEZZ,management
1484,YMYLKAD,BF5OI5X,management
1485,9OXZOCS,NK0LF9D,clinician
1486,MYP4TJ7,US7620K,clinician
1487,X4U7R6C,JZ19H67,nurse
1488,GR3ND1D,8XLKJJS,admin
1489,3EZQX14,6BT5KQI,management
1490,XBKVUCO,3CY9HA7,management
1491,ZFJVE2D,1S87C89,management
1492,8V9WQPS,LKKG4IE,management
1493,OZZ8QR4,N8F8GUC,clinician
1494,MQV6DSP,7VJ1R6V,nurse
1495,1ZZE6KC,PJEE9VL,clinician
1496,X0RE7FI,KMNITC2,management
1497,PVLL7E3,PCQIRRU,nurse
1498,RIZ79JF,54VTVFC,admin
1499,EUPJSKV,SM5I02Y,admin
1500,NMH7ACQ,MKZGLYI,nurse
1501,9QSXN48,9TSDABG,management
1502,67JWBCM,EOBS127,nurse
1503,3TAFTN3,INZLQTI,clinician
1504,K3QB692,8W3KKP8,management
1505,XXTWIGS,1438LBF,clinician
1506,JJ9IK5F,0DFAE4T,admin
1507,9880D75,R389M8N,clinician
1508,FZUFMSO,OJ1ZMPS,management
1509,Q3U5MYX,RW9LT6O,management
1510,Q3CUDWP,D1QP33D,clinician
1511,P3BS1BM,LIR6QZJ,management
1512,NLFP6EJ,ETSE8KA,admin
1513,ZM5SE4G,V1T0EXC,management
1514,5POFA6N,BU6BXYN,clinician
1515,7Y8AU1O,B8F6VW2,management
1516,OL3I0JV,JQKVRRF,nurse
1517,STFRT3B,AUYK7ZS,management
1518,5JGUUZG,K66MJ6B,admin
1519,YZNEG06,CY829GZ,clinician
1520,Q17Z7JZ,5Y247C1,management
1521,ORJ7DXM,WO4PVHU,management
1522,M45C022,20AW6G2,management
1523,EYX2R5B,3TXDEOF,management
1524,3IB160V,YDZZOVV,admin
1525,LCMS16B,69HIISP,nurse
1526,7SO86J6,RC7EIL4,management
1527,K9ARFM7,P5VU1D9,admin
1528,KMHT5F9,2B3N3YV,nurse
1529,J79OTI6,M2M4IYE,management
1530,6TUGYWF,C3OO83A,clinician
1531,I4S3C1J,TL8AL5U,admin
1532,Y7OKAS1,7S312ON,nurse
1533,BX2OLCT,C4K7A8X,nurse
1534,KX972Q5,QZT85EH,clinician
1535,AK2JPDT,2KV8HTG,clinician
1536,6NDUQ4Q,F81N6C6,clinician
1537,8QDWVPI,4JZADD9,nurse
1538,UG4RI0F,JTKSMBV,nurse
1539,ACPTTBF,47EP8Y0,nurse
1540,AVB8QMI,RQMEKU9,admin
1541,QQOSJPG,7QP31GO,nurse
1542,5ZC9FCG,6J14R03,management
1543,FX52JJK,DURK0KA,management
1544,4TVQ3G3,LSSOL76,nurse
1545,IYIXXON,DAQQJFQ,admin
1546,6A8X5S2,7Q4YEHY,management
1547,KDAAX5J,UCR98B6,admin
1548,5AHA25L,4RPD3HX,nurse
1549,VQ0WZQF,GC0PPKW,nurse
1550,YXHKERP,JF6SFKE,management
1551,6HM0019,CN0XNW2,admin
1552,WD3ADZQ,ZR016UR,nurse
1553,X2SWIQT,3N4SLE7,clinician
1554,EFCIV31,O58GCF7,admin
1555,SCAWIHX,0PQWDKV,admin
1556,4DKTI8W,S262WSO,admin
1557,2BFGE4J,QKUL0MR,management
1558,PWUXM6Q,OWLB3ZJ,admin
1559,XOQ7AKN,7UFUNAE,admin
1560,Z9WXLGQ,L4JM4QG,management
1561,A0Y8HG3,OB6DON1,admin
1562,GIEJGQC,C4QYLMY,admin
1563,FFWYD14,CR9H2E1,admin
1564,1M0Q1L0,VE9OYSY,management
1565,L90WS0P,6Q8MPY3,admin
1566,YF470AK,LP0ROFJ,management
1567,W3JKL3Q,MQXTS25,management
1568,CPB3MKV,GX2VMVD,management
1569,FLJT4IT,W609F98,nurse
1570,SV96C1I,GXX6ZPI,nurse
1571,IIXO4X3,3A65XYL,clinician
1572,FG8DJIX,MMJRVSZ,management
1573,E9TJD4O,4XO4N36,nurse
1574,C0KT3VA,DXATCES,management
1575,H5TCHZT,ET7SW53,management
1576,375CFE1,FI8OTA7,clinician
1577,GTOPPB3,702PHKM,nurse
1578,C5CMUBC,UW00A95,clinician
1579,9XWOIEJ,6ETP9ET,admin
1580,ZWP69A2,HWTO172,clinician
1581,YZKQNOT,0V1TXXA,management
1582,3SRRUHB,J1HP7QE,nurse
1583,GP0OXMH,WPBZV9M,management
1584,GC5JFKT,ELIRFTN,nurse
1585,C2EZQ10,EMOE1XV,admin
1586,XP5TL1N,TAPHV44,clinician
1587,R5VU93E,T89JUK4,nurse
1588,YDKNYCS,LDHQW7B,clinician
1589,7SWWF3B,G9783R0,nurse
1590,T3EPJGE,GWFBWZR,clinician
1591,8TZBHLW,CPWK9V7,clinician
1592,AWZ321R,MJHDMLV,admin
1593,FO66X8U,LZH4BK5,nurse
1594,FJJ4VHQ,YZ8L06Q,clinician
1595,N0M93SY,GB4ZVVU,management
1596,YF9G97U,ZQI4KMO,nurse
1597,VLK0F5N,AFLEW2S,nurse
1598,MSOY20T,8KUUC02,clinician
1599,FKTY8OW,L764QVP,admin
1600,T02XVSF,5CH6CIG,nurse
1601,WYSRZEF,WEY5Y62,management
1602,7C7KUP2,SRBCSG3,management
1603,TD9K1KN,LVLXGIL,admin
1604,KXUDZ62,G1V622L,admin
1605,LGCDO3H,N2C6SPE,management
1606,OBMNAWK,KZNZ9CF,clinician
1607,ZAVT69N,0VPM86R,clinician
1608,ORGZ7SP,IT00SZV,nurse
1609,RB7M9ZW,Y9ZU12T,nurse
1610,O2426IG,V4DGK14,clinician
1611,73WZVDM,0H9M2HX,admin
1612,B1GQSIE,4S3T10E,management
1613,BHGUTYV,8XFEKTF,admin
1614,9DOAH0R,FXOO31C,clinician
1615,33NBJ10,RCX3AB7,nurse
1616,CBA7NQ4,PO5D4W2,clinician
1617,Y0BATZ3,IYPFD7H,admin
1618,5S1PRZY,OR3T1QT,management
1619,QJMY6D3,1A7T5JS,clinician
1620,VLNILF6,OYKDOK9,clinician
1621,MOEXU6U,EM94ZSL,clinician
1622,UYK0PI7,ITLDI8E,clinician
1623,BQ4RCAW,BYF1EWI,management
1624,Q9GVOD7,HYW14BP,management
1625,ZWIY6BH,KCHZCU4,admin
1626,I4YM0GU,YXF05OK,management
1627,CYV3OEV,5IQ2OZI,management
1628,NV2D9MW,P2QNS21,admin
1629,4YYRTLN,ZARC8H4,management
1630,VF6XALR,7EOIW3F,clinician
1631,44LZKTX,YPZN8QA,clinician
1632,9YASYKK,SBVEKJG,admin
1633,GYNARCP,HUDB1OV,nurse
1634,UD6NDPA,OA3R55O,clinician
1635,G20789M,ZSLXLXX,admin
1636,52AAE0G,2O3AQ5N,management
1637,ASWZ2DV,Z82NB1Q,management
1638,T1DH1CI,3FTR1Z6,clinician
1639,4PYINZC,V8QH8AM,management
1640,5ZCXG50,INS5YXO,admin
1641,TM9M1ZF,D1HO5EO,management
1642,CJT1WOU,NTKLYOY,clinician
1643,VKN01KV,S0M400R,clinician
1644,EW3JQ2A,2EQ20CW,nurse
1645,6CMMYFW,84T4799,nurse
1646,9IF76U4,1C8E2C2,admin
1647,M11BRH1,QTD037D,clinician
1648,S2I9S54,TW2T0NN,clinician
1649,LZ0GXWR,WW0J3VX,nurse
1650,2FP0IW5,TB6DELF,clinician
1651,R1654MI,BQF9LDG,clinician
1652,9515UFL,O2940ZN,nurse
1653,2TL1R3X,5GQMK0I,clinician
1654,JY0ZKUR,OIFHBNQ,clinician
1655,S0AHV80,SX98GTC,clinician
1656,XP4MX3N,WIG15GQ,management
1657,MMKWNI4,9QG3CZD,admin
1658,6M2EFE5,5ZXISYQ,clinician
1659,9L6GTY6,QNS6CXE,admin
1660,9MYRMBY,183XO6T,clinician
1661,7N5RWQJ,6OFHIVW,nurse
1662,LT9YRRZ,PE1T6TQ,clinician
1663,DCFSNWC,O1SRRBU,nurse
1664,LE0AFZM,FGNMTCU,admin
1665,297HTNL,9CI3IAL,nurse
1666,QNEPOH5,E9TLSCC,management
1667,74UWSSN,5TMRR3C,admin
1668,1XTZUNW,X97CG92,nurse
1669,L6HCV5M,2E232LD,nurse
1670,PAYJLP3,8XPEPGR,nurse
1671,JKAR8SY,VF51BIN,management
1672,XH9JC9G,FK0RAC3,admin
1673,7WWPMVQ,UWYG2V2,clinician
1674,NTILUU8,BL6CL7V,management
1675,XG6IN52,9SVUVDD,management
1676,DRCK456,SQMCRE6,nurse
1677,399LTHI,RJ20XY9,nurse
1678,YDRTUD4,PPL3K95,nurse
1679,XW8JJOP,5745HPR,clinician
1680,OTRMDTS,Y8ZG5H8,nurse
1681,ZZKXA5G,MEP3CL4,clinician
1682,UW6XTZ2,HVWS079,clinician
1683,Z1B0YA5,SWFAOBE,clinician
1684,55L59V6,YBLHJC0,management
1685,VYN31B5,5TD9OO0,clinician
1686,TG5KEMT,FF1ZCM6,clinician
1687,S1FA25H,CVHGNTQ,admin
1688,TA98D89,D2XXYKI,clinician
1689,VHQZJAP,QLWPZHI,management
1690,7C0TUCP,Y78G1SU,clinician
1691,6QQSOW0,IEI0M6V,management
1692,LHJ72YC,WGEOZFG,management
1693,N8NBBTN,WFQEEJG,management
1694,9QZZ16P,AHY49PH,admin
1695,3Q9D64N,IACVBW4,nurse
1696,JZJAOSN,A8KDXKP,nurse
1697,2CRRI5H,2M0IM4G,clinician
1698,DNLNKP1,V9OWCFM,admin
1699,LS110YA,MVQQ99K,clinician
1700,KYCPHC6,SK3LCKZ,clinician
1701,HQR6SHJ,CP6VHJD,admin
1702,CZ7LNGY,G9KNURN,nurse
1703,QEBS4UU,0OEF9IB,clinician
1704,DNA8MWQ,8HP9GQ8,management
1705,3UJRWQI,TIR8X7W,nurse
1706,TRWV4LP,J2L31ZP,nurse
1707,5GN7SK5,D3751UQ,nurse
1708,6G9OMS9,SQHZKY4,nurse
1709,P1SUN1R,7DVPZRO,management
1710,KIGV8QH,YFC55VS,clinician
1711,TTZ1F4P,RNIH9QC,admin
1712,W142QEY,SVYNQYE,nurse
1713,6ELYP2X,1MG0HIU,admin
1714,PJTVW7S,L049TQT,admin
1715,DJCF294,JMCDUJP,management
1716,D746WKV,87VM1QN,management
1717,8R2Y935,MH4DBU6,nurse
1718,LB6RWWC,Z9ITBMK,clinician
1719,T29XIKV,YAVTMBE,management
1720,W3MZ4ST,4MEHQPC,clinician
1721,R70UJBN,GIHU7I2,clinician
1722,9K4LBQA,4P8ZJGA,clinician
1723,LM1B08B,RJYNPY5,admin
1724,PVBWLUG,YJV6KHR,nurse
1725,NHJ6VX3,8IM35I6,nurse
1726,QZKISBT,AI5N6JE,nurse
1727,AS2M54I,0FMLH7U,admin
1728,UWV85SE,PI3IYLA,nurse
1729,8R5NM5G,UFCHKKG,nurse
1730,QBJ51RK,P1Z3AB6,admin
1731,OUTZM33,ZYIY2SD,nurse
1732,X9YYOHT,E8ABP00,nurse
1733,QRF9KY3,VZS3UNK,management
1734,DJHLEX7,ZV5E21L,management
1735,L9H11YV,IOCNNB3,clinician
1736,4W4XCV5,M0LFWVS,clinician
1737,F1XE1DK,YLCEXIK,nurse
1738,8MY57XJ,9FFK8NA,clinician
1739,E49TEXG,BQNHML9,management
1740,92Z8FCY,ER8B64S,admin
1741,5UIPGPL,BF8619I,clinician
1742,39CQL5Y,YQJ64RO,management
1743,R3AZLJF,NCIH2FJ,nurse
1744,TCR9Q64,DID68IG,clinician
1745,WWB41GQ,7AYA19X,clinician
1746,IO7I4JJ,7MP25BH,admin
1747,RLKHIQE,3ACT81M,clinician
1748,DIAWB8W,JLSY2O6,admin
1749,2RDWROZ,9EO2PQ8,clinician
1750,TKW3YVF,4TKXQ4Z,admin
1751,KHZ7MSU,5ZCA0OE,management
1752,3CHWY1B,PKA50AZ,management
1753,N6LI0LS,VR5DYNE,clinician
1754,ACZBFQW,ZOU2P5N,management
1755,G1VQDH6,UQQLRQS,admin
1756,7MZQFGA,7KGYWIH,admin
1757,PAYTNIH,7N28I8A,nurse
1758,Y6HSWRK,ODIPM7V,clinician
1759,ABCEUSP,4C49DMB,admin
1760,UEX5XP3,3Q03WSO,nurse
1761,TI22JZ1,DYHGJBA,clinician
1762,Z5OIC59,SRTED2J,nurse
1763,VBNQ10G,C89POU0,management
1764,05OZDUT,8EDRVPT,nurse
1765,WL9R9SG,O4HQQ32,admin
1766,GEWMDJ4,HHI9RGX,admin
1767,QSZ8SLI,0XPAOU4,management
1768,CMZ1PVA,G025KHA,management
1769,DH39LWD,JH23CLO,management
1770,AYG9V6P,P0JXC9Z,admin
1771,RX67YD8,6TJQF2C,nurse
1772,4EXOZNV,MTM9A34,admin
1773,4935MWH,GHQPO19,nurse
1774,5XYPKW4,NB8V4WB,admin
1775,RRYSPGO,KMAP1JB,management
1776,M7KY7M2,RF1S3CY,management
1777,DOCHHA1,XMLFQ0O,admin
1778,8MOVBY4,JLPNNWZ,management
1779,GW92X7L,B260WHC,nurse
1780,1ZWZEG3,58HSSBX,clinician
1781,QKGQ112,K9KQ8IX,admin
1782,D6NZZ23,S94XLY2,clinician
1783,W03BYPU,ED2GZH3,admin
1784,ES1E6OG,ZHLA8HV,management
1785,OJRXEFP,QX1KDNI,admin
1786,2S9IP7I,16UUSAF,clinician
1787,PU9ZLBN,GY58SEA,clinician
1788,GFI9KJ1,G0ZEG11,nurse
1789,USVKW61,Y3SD7CE,admin
1790,1TEF98A,R6ZE4ZV,nurse
1791,KU1385F,UQWKBQP,nurse
1792,ADPYJFG,8AATBTH,management
1793,EXH0BMM,BWTUYZL,nurse
1794,1KF7A2J,31PVCKY,management
1795,WSYVE81,DPP713M,management
1796,Y436YNK,OPOZ4KR,nurse
1797,QFBQTWM,JQBZO6E,nurse
1798,QPFUPRJ,VF2U63P,admin
1799,1EPVEX6,844VVTO,nurse
1800,P9QVV3T,SA2S7FF,clinician
1801,0M48KPG,2S8HRPK,nurse
1802,82U0I21,Y4WLUFP,clinician
1803,8F441JN,ZC46XKN,clinician
1804,YYG73GF,5YRX4ST,nurse
1805,3YOUCPY,3PX0NPK,nurse
1806,MXW4P2T,R7KMXFZ,admin
1807,AK4FM4O,0WHBDZB,clinician
1808,PD78Y64,SI3UIZ1,nurse
1809,EJ16ZZ0,88ZQUQ5,management
1810,V3COX7Q,3RXGKSJ,nurse
1811,1CW7ROI,R9792QY,management
1812,SHIUIIU,BEEAMPN,clinician
1813,DE1K81Q,EPTUT44,management
1814,9ZNLIO5,EU1Q0MS,nurse
1815,J86LGL0,DPYYZIA,nurse
1816,ETVX6T3,W9Q2CMO,admin
1817,VVTV1DP,2KEGN5M,management
1818,5T3ICT4,0XSKQIU,nurse
1819,95017B1,XCLJWYB,clinician
1820,Q6JCY4C,7XZ4X5Y,clinician
1821,3WVG1ZP,JY7RZOQ,management
1822,BYWXXXL,LNVD3CE,management
1823,5MA63DK,7ZVY30J,management
1824,UP8RQ9U,7GZMDND,admin
1825,8WSDATS,ZZE1EWV,admin
1826,FHEFM1Q,MB12O0M,admin
1827,WBN7ILE,S74IJ6T,nurse
1828,RNB48X3,SZAYKXZ,nurse
1829,2AROP3L,166V2CL,clinician
1830,WWFM24L,727JFEG,admin
1831,KJAJ6Z5,ZEZAF74,clinician
1832,HJ5ZLIQ,DBE5XBD,management
1833,4L8WS50,ALLKBHD,clinician
1834,RPGAS80,TIDNS7L,management
1835,92YJ9BF,W797YV8,admin
1836,5T37842,0XV63I0,nurse
1837,XZXPVR6,WN1ZV3J,clinician
1838,ZH3X6EV,19AH3UJ,clinician
1839,U4KJHT5,HYWV8DQ,clinician
1840,6ADG5DI,TPJD829,admin
1841,2T26GYK,DY0VHF5,clinician
1842,5NBPZ2E,M424KHT,management
1843,QLP36S8,F5742YP,management
1844,Z125KRO,0W6FXH5,admin
1845,LONE1W6,IOFRZ9M,nurse
1846,EKCWP69,L7MLUGY,admin
1847,VAUHEMZ,DUBC3J4,admin
1848,8RGFQ0V,IOB7TGY,nurse
1849,FQ2F1LM,OOMA6HZ,management
1850,YJ6ZZK3,NOLFPVG,management
1851,APM4H9N,C3Y27H1,admin
1852,KME2TQE,BKTWJPG,clinician
1853,KERX4XQ,6D7SZY1,nurse
1854,81QQAVY,KX2HJ49,admin
1855,4J2TPN6,8QKA080,management
1856,5C7IAOE,K6IOQX0,nurse
1857,J5SE7DF,2YYHW1C,management
1858,K5XNCE2,IAB6O8N,admin
1859,N3Q4GWA,H04MVGF,admin
1860,71PYL2K,SKUVSIM,nurse
1861,PCBAOTY,92EWNTJ,nurse
1862,7UNFUYC,Z0MGSZP,clinician
1863,THS5ESZ,1PVPYZ4,nurse
1864,HKR5DNE,ECW1X9K,clinician
1865,T6EOHJN,TZ6AOG0,nurse
1866,2BZZ4UU,ZAWTAGF,nurse
1867,UMZIZM1,WZIX6U8,admin
1868,G2FYLTY,Z7YRSV3,clinician
1869,BV70G8L,EUKDH9T,management
1870,VX2KCW1,1VXTISI,nurse
1871,UH1C2L7,JLILAEJ,management
1872,HDVMN6Y,EC74KDG,management
1873,LG3I0Y9,JKZ0GD1,admin
1874,M8VVBG7,WQSAG0N,admin
1875,CR1C9KD,S2BY0Z4,admin
1876,JV1JATG,9U2FOU3,admin
1877,HKPFYR8,BSSK4X2,nurse
1878,U5MOZ3E,8SSZDZQ,admin
1879,5DNGC66,FXE915V,nurse
1880,5FZ2TLQ,XIHWM7K,management
1881,KQQJYGM,LMSHEKZ,clinician
1882,VKSKD53,TLS2KIB,nurse
1883,VAG6UK7,2SC8PP8,admin
1884,6HDFEN1,N36SDPV,admin
1885,5PL0FWJ,HVIGDU4,management
1886,NJC4RIZ,WCODGRL,clinician
1887,2VRLQIA,IWOACAD,clinician
1888,MR2SQNV,8P70LSW,management
1889,FS1A5Y8,59LNP2W,management
1890,B8BSKKB,R5GVG94,clinician
1891,KX95O1N,HXCCYH3,nurse
1892,V18LI1Y,8PL6ODH,nurse
1893,YSOUG00,M35YK7N,clinician
1894,WI2ZPGM,U520X23,admin
1895,REP8GOJ,GZPYGP7,clinician
1896,TD2XTR0,0OX9F18,admin
1897,UEXDMAT,CWSTD7R,nurse
1898,UNTBVKQ,TD4YPT3,admin
1899,6SQDFJE,COPOXAU,admin
1900,ASCDL1X,7DP93VF,clinician
1901,Q96ACRK,8DOLK19,nurse
1902,0YMYCEX,M0XMFBE,clinician
1903,1BX5FHV,84LKQY3,admin
1904,T635N2A,DDPRNT6,management
1905,OQN30HU,GHFD0B6,clinician
1906,QDKBJJF,4CW6PZO,admin
1907,199M1GQ,D8HQ93I,clinician
1908,ORUOJNF,SMC781J,admin
1909,24NFC15,3BL0MFN,nurse
1910,H3JXZRW,1153TNW,admin
1911,NMAQZU2,F6BTP7L,clinician
1912,3NKP7IK,F751L0P,nurse
1913,7ZU5ED4,WCQK186,admin
1914,ZK2B3T5,Y6KF3QR,clinician
1915,0EWFCRU,FPDV86R,clinician
1916,V0LOMBP,R5OEFSL,admin
1917,5258ZLE,RU5C95E,nurse
1918,GH4II5Z,RXXSHQ1,management
1919,1KVCO5Z,V5OX1KF,clinician
1920,AF7G4X0,8JJ2JTN,nurse
1921,4MLWNKU,GDR5CZ3,admin
1922,59QX7UM,TJNOFNU,nurse
1923,XBO20Z4,VIBSMXN,admin
1924,24E0AE2,ZTMP6Q6,nurse
1925,T6V1V77,40YZAJX,management
1926,UKSIQHU,JHGV7KX,clinician
1927,QLLSRY8,9W35SAF,management
1928,SHF22PO,ZBV7CB2,clinician
1929,2MD37FW,66O9HOU,clinician
1930,E3PVBPQ,SF4XMI2,clinician
1931,81LHNSP,T1IGYIM,management
1932,A6QM4LT,ZCEG22P,clinician
1933,ELB367X,Q1QU23P,management
1934,K4YWC7W,L1Y9CJ0,admin
1935,MPTYPVP,FFHRIGW,admin
1936,7Y7LV50,UL71BZU,admin
1937,XTAL96Q,990XWQN,management
1938,CHGWCUS,OVUWZDD,management
1939,1TNXY6H,P2NKU1L,clinician
1940,1Y30N8T,VBQ1XLL,admin
1941,CF8WDQ3,O5KCVPX,admin
1942,P4QOQX5,WZNALKZ,management
1943,QKR7QVJ,F8PD821,nurse
1944,J6MXJDF,EL23GPD,management
1945,YBXDGJP,MB4IC5H,clinician
1946,0XCUXFS,A1E1I5V,management
1947,7YUF0KL,KUQ1CNV,management
1948,XXWJ390,NJA0LTG,clinician
1949,XA1ESXM,T2NI8VJ,clinician
1950,UH5CCBF,WOE6KK4,clinician
1951,1W3FJB2,5X4WI6T,admin
1952,UGEQ61F,1OVAY37,clinician
1953,ZY6R3ZJ,6FQ7FSJ,nurse
1954,9XXDYY8,TFT51JC,management
1955,SLQLBGI,NMFAW5K,nurse
1956,XFRS5NA,LI1YZM5,management
1957,CPV7LHQ,HA1ILHW,management
1958,KTNQFUZ,EHMDL8I,management
1959,JCB7AI4,1U5QWPP,nurse
1960,MVRDQ2O,ZQ2CXD6,admin
1961,KFCUE5N,G7KRWTK,nurse
1962,Z97SZ2E,99YDMPZ,clinician
1963,I1F52L1,M2O17EZ,admin
1964,UJPO0BE,XJ3BXEE,nurse
1965,5WQM8H2,6LUDIK7,management
1966,CBQPRWY,C36UEGW,management
1967,WID2JZ5,ZY0V3JE,management
1968,AMAAB4W,8Z428Y7,clinician
1969,NRUF75J,3PE983Y,admin
1970,V8XU8JI,7TY44CF,admin
1971,8M76SKO,6SGUD9D,management
1972,PFGSBIY,M4D3YLY,clinician
1973,FX105SO,ZW7M9W0,admin
1974,E51T74K,XCVDOND,admin
1975,LUSVS3C,9XS6RNJ,nurse
1976,WFLBAR0,C9A9Q6Z,management
1977,A5H0V8I,NMSZM5D,clinician
1978,ES6ENRR,L6FSMGK,clinician
1979,WRKVC6S,R20DF3I,nurse
1980,3BKF4JQ,CHC2WR0,clinician
1981,041BOBI,GOUDZQV,management
1982,O8FPM9G,9NDP1RU,nurse
1983,N6LL7MV,8BA871K,nurse
1984,QCF5MOM,DG37ADP,management
1985,QYFDJH1,0LV514U,admin
1986,8VD04CS,AXITNCH,clinician
1987,UWH0EBS,9LRB9SG,management
1988,B2ZQD69,AGXRVF4,management
1989,NAR7NW2,WEWHP4R,clinician
1990,UK5TWWH,WM4W0BS,nurse
1991,R8I6BB7,JTL113D,clinician
1992,SBZ1F4J,ZU7VBVT,management
1993,OIPWYHS,6STLBEX,admin
1994,8A8V1RJ,G9YHNAG,nurse
1995,PYMWVIW,Z0RUDUV,nurse
1996,RJG4Z5D,HQ6TWR7,clinician
1997,EA8M9L2,NR5SBT2,nurse
1998,GP8NUBA,H0BX1F8,nurse
1999,QTK2J0L,NEYN12U,management
